--
-- PostgreSQL database dump
--

-- Dumped from database version 16.2 (Debian 16.2-1.pgdg120+2)
-- Dumped by pg_dump version 16.3 (Ubuntu 16.3-1.pgdg22.04+1)

SET statement_timeout = 0;
SET lock_timeout = 0;
SET idle_in_transaction_session_timeout = 0;
SET client_encoding = 'UTF8';
SET standard_conforming_strings = on;
SELECT pg_catalog.set_config('search_path', '', false);
SET check_function_bodies = false;
SET xmloption = content;
SET client_min_messages = warning;
SET row_security = off;

SET default_tablespace = '';

SET default_table_access_method = heap;

--
-- Name: auth_group; Type: TABLE; Schema: public; Owner: hello_todo
--

CREATE TABLE public.auth_group (
    id integer NOT NULL,
    name character varying(150) NOT NULL
);


ALTER TABLE public.auth_group OWNER TO hello_todo;

--
-- Name: auth_group_id_seq; Type: SEQUENCE; Schema: public; Owner: hello_todo
--

ALTER TABLE public.auth_group ALTER COLUMN id ADD GENERATED BY DEFAULT AS IDENTITY (
    SEQUENCE NAME public.auth_group_id_seq
    START WITH 1
    INCREMENT BY 1
    NO MINVALUE
    NO MAXVALUE
    CACHE 1
);


--
-- Name: auth_group_permissions; Type: TABLE; Schema: public; Owner: hello_todo
--

CREATE TABLE public.auth_group_permissions (
    id bigint NOT NULL,
    group_id integer NOT NULL,
    permission_id integer NOT NULL
);


ALTER TABLE public.auth_group_permissions OWNER TO hello_todo;

--
-- Name: auth_group_permissions_id_seq; Type: SEQUENCE; Schema: public; Owner: hello_todo
--

ALTER TABLE public.auth_group_permissions ALTER COLUMN id ADD GENERATED BY DEFAULT AS IDENTITY (
    SEQUENCE NAME public.auth_group_permissions_id_seq
    START WITH 1
    INCREMENT BY 1
    NO MINVALUE
    NO MAXVALUE
    CACHE 1
);


--
-- Name: auth_permission; Type: TABLE; Schema: public; Owner: hello_todo
--

CREATE TABLE public.auth_permission (
    id integer NOT NULL,
    name character varying(255) NOT NULL,
    content_type_id integer NOT NULL,
    codename character varying(100) NOT NULL
);


ALTER TABLE public.auth_permission OWNER TO hello_todo;

--
-- Name: auth_permission_id_seq; Type: SEQUENCE; Schema: public; Owner: hello_todo
--

ALTER TABLE public.auth_permission ALTER COLUMN id ADD GENERATED BY DEFAULT AS IDENTITY (
    SEQUENCE NAME public.auth_permission_id_seq
    START WITH 1
    INCREMENT BY 1
    NO MINVALUE
    NO MAXVALUE
    CACHE 1
);


--
-- Name: authapp_customuser; Type: TABLE; Schema: public; Owner: hello_todo
--

CREATE TABLE public.authapp_customuser (
    id bigint NOT NULL,
    password character varying(128) NOT NULL,
    last_login timestamp with time zone,
    is_superuser boolean NOT NULL,
    first_name character varying(150) NOT NULL,
    last_name character varying(150) NOT NULL,
    is_staff boolean NOT NULL,
    is_active boolean NOT NULL,
    date_joined timestamp with time zone NOT NULL,
    email character varying(254) NOT NULL
);


ALTER TABLE public.authapp_customuser OWNER TO hello_todo;

--
-- Name: authapp_customuser_groups; Type: TABLE; Schema: public; Owner: hello_todo
--

CREATE TABLE public.authapp_customuser_groups (
    id bigint NOT NULL,
    customuser_id bigint NOT NULL,
    group_id integer NOT NULL
);


ALTER TABLE public.authapp_customuser_groups OWNER TO hello_todo;

--
-- Name: authapp_customuser_groups_id_seq; Type: SEQUENCE; Schema: public; Owner: hello_todo
--

ALTER TABLE public.authapp_customuser_groups ALTER COLUMN id ADD GENERATED BY DEFAULT AS IDENTITY (
    SEQUENCE NAME public.authapp_customuser_groups_id_seq
    START WITH 1
    INCREMENT BY 1
    NO MINVALUE
    NO MAXVALUE
    CACHE 1
);


--
-- Name: authapp_customuser_id_seq; Type: SEQUENCE; Schema: public; Owner: hello_todo
--

ALTER TABLE public.authapp_customuser ALTER COLUMN id ADD GENERATED BY DEFAULT AS IDENTITY (
    SEQUENCE NAME public.authapp_customuser_id_seq
    START WITH 1
    INCREMENT BY 1
    NO MINVALUE
    NO MAXVALUE
    CACHE 1
);


--
-- Name: authapp_customuser_user_permissions; Type: TABLE; Schema: public; Owner: hello_todo
--

CREATE TABLE public.authapp_customuser_user_permissions (
    id bigint NOT NULL,
    customuser_id bigint NOT NULL,
    permission_id integer NOT NULL
);


ALTER TABLE public.authapp_customuser_user_permissions OWNER TO hello_todo;

--
-- Name: authapp_customuser_user_permissions_id_seq; Type: SEQUENCE; Schema: public; Owner: hello_todo
--

ALTER TABLE public.authapp_customuser_user_permissions ALTER COLUMN id ADD GENERATED BY DEFAULT AS IDENTITY (
    SEQUENCE NAME public.authapp_customuser_user_permissions_id_seq
    START WITH 1
    INCREMENT BY 1
    NO MINVALUE
    NO MAXVALUE
    CACHE 1
);


--
-- Name: django_admin_log; Type: TABLE; Schema: public; Owner: hello_todo
--

CREATE TABLE public.django_admin_log (
    id integer NOT NULL,
    action_time timestamp with time zone NOT NULL,
    object_id text,
    object_repr character varying(200) NOT NULL,
    action_flag smallint NOT NULL,
    change_message text NOT NULL,
    content_type_id integer,
    user_id bigint NOT NULL,
    CONSTRAINT django_admin_log_action_flag_check CHECK ((action_flag >= 0))
);


ALTER TABLE public.django_admin_log OWNER TO hello_todo;

--
-- Name: django_admin_log_id_seq; Type: SEQUENCE; Schema: public; Owner: hello_todo
--

ALTER TABLE public.django_admin_log ALTER COLUMN id ADD GENERATED BY DEFAULT AS IDENTITY (
    SEQUENCE NAME public.django_admin_log_id_seq
    START WITH 1
    INCREMENT BY 1
    NO MINVALUE
    NO MAXVALUE
    CACHE 1
);


--
-- Name: django_content_type; Type: TABLE; Schema: public; Owner: hello_todo
--

CREATE TABLE public.django_content_type (
    id integer NOT NULL,
    app_label character varying(100) NOT NULL,
    model character varying(100) NOT NULL
);


ALTER TABLE public.django_content_type OWNER TO hello_todo;

--
-- Name: django_content_type_id_seq; Type: SEQUENCE; Schema: public; Owner: hello_todo
--

ALTER TABLE public.django_content_type ALTER COLUMN id ADD GENERATED BY DEFAULT AS IDENTITY (
    SEQUENCE NAME public.django_content_type_id_seq
    START WITH 1
    INCREMENT BY 1
    NO MINVALUE
    NO MAXVALUE
    CACHE 1
);


--
-- Name: django_migrations; Type: TABLE; Schema: public; Owner: hello_todo
--

CREATE TABLE public.django_migrations (
    id bigint NOT NULL,
    app character varying(255) NOT NULL,
    name character varying(255) NOT NULL,
    applied timestamp with time zone NOT NULL
);


ALTER TABLE public.django_migrations OWNER TO hello_todo;

--
-- Name: django_migrations_id_seq; Type: SEQUENCE; Schema: public; Owner: hello_todo
--

ALTER TABLE public.django_migrations ALTER COLUMN id ADD GENERATED BY DEFAULT AS IDENTITY (
    SEQUENCE NAME public.django_migrations_id_seq
    START WITH 1
    INCREMENT BY 1
    NO MINVALUE
    NO MAXVALUE
    CACHE 1
);


--
-- Name: django_session; Type: TABLE; Schema: public; Owner: hello_todo
--

CREATE TABLE public.django_session (
    session_key character varying(40) NOT NULL,
    session_data text NOT NULL,
    expire_date timestamp with time zone NOT NULL
);


ALTER TABLE public.django_session OWNER TO hello_todo;

--
-- Name: todoapp_project; Type: TABLE; Schema: public; Owner: hello_todo
--

CREATE TABLE public.todoapp_project (
    id bigint NOT NULL,
    project_name character varying(256) NOT NULL,
    link_to_repo character varying(256),
    description text,
    created timestamp with time zone NOT NULL,
    updated timestamp with time zone NOT NULL,
    deleted boolean NOT NULL
);


ALTER TABLE public.todoapp_project OWNER TO hello_todo;

--
-- Name: todoapp_project_id_seq; Type: SEQUENCE; Schema: public; Owner: hello_todo
--

ALTER TABLE public.todoapp_project ALTER COLUMN id ADD GENERATED BY DEFAULT AS IDENTITY (
    SEQUENCE NAME public.todoapp_project_id_seq
    START WITH 1
    INCREMENT BY 1
    NO MINVALUE
    NO MAXVALUE
    CACHE 1
);


--
-- Name: todoapp_project_project_team; Type: TABLE; Schema: public; Owner: hello_todo
--

CREATE TABLE public.todoapp_project_project_team (
    id bigint NOT NULL,
    project_id bigint NOT NULL,
    customuser_id bigint NOT NULL
);


ALTER TABLE public.todoapp_project_project_team OWNER TO hello_todo;

--
-- Name: todoapp_project_project_team_id_seq; Type: SEQUENCE; Schema: public; Owner: hello_todo
--

ALTER TABLE public.todoapp_project_project_team ALTER COLUMN id ADD GENERATED BY DEFAULT AS IDENTITY (
    SEQUENCE NAME public.todoapp_project_project_team_id_seq
    START WITH 1
    INCREMENT BY 1
    NO MINVALUE
    NO MAXVALUE
    CACHE 1
);


--
-- Name: todoapp_todo; Type: TABLE; Schema: public; Owner: hello_todo
--

CREATE TABLE public.todoapp_todo (
    id bigint NOT NULL,
    body text NOT NULL,
    is_active boolean NOT NULL,
    created timestamp with time zone NOT NULL,
    updated timestamp with time zone NOT NULL,
    deleted boolean NOT NULL,
    project_id bigint NOT NULL,
    user_id bigint NOT NULL
);


ALTER TABLE public.todoapp_todo OWNER TO hello_todo;

--
-- Name: todoapp_todo_id_seq; Type: SEQUENCE; Schema: public; Owner: hello_todo
--

ALTER TABLE public.todoapp_todo ALTER COLUMN id ADD GENERATED BY DEFAULT AS IDENTITY (
    SEQUENCE NAME public.todoapp_todo_id_seq
    START WITH 1
    INCREMENT BY 1
    NO MINVALUE
    NO MAXVALUE
    CACHE 1
);


--
-- Name: token_blacklist_blacklistedtoken; Type: TABLE; Schema: public; Owner: hello_todo
--

CREATE TABLE public.token_blacklist_blacklistedtoken (
    id bigint NOT NULL,
    blacklisted_at timestamp with time zone NOT NULL,
    token_id bigint NOT NULL
);


ALTER TABLE public.token_blacklist_blacklistedtoken OWNER TO hello_todo;

--
-- Name: token_blacklist_blacklistedtoken_id_seq; Type: SEQUENCE; Schema: public; Owner: hello_todo
--

ALTER TABLE public.token_blacklist_blacklistedtoken ALTER COLUMN id ADD GENERATED BY DEFAULT AS IDENTITY (
    SEQUENCE NAME public.token_blacklist_blacklistedtoken_id_seq
    START WITH 1
    INCREMENT BY 1
    NO MINVALUE
    NO MAXVALUE
    CACHE 1
);


--
-- Name: token_blacklist_outstandingtoken; Type: TABLE; Schema: public; Owner: hello_todo
--

CREATE TABLE public.token_blacklist_outstandingtoken (
    id bigint NOT NULL,
    token text NOT NULL,
    created_at timestamp with time zone,
    expires_at timestamp with time zone NOT NULL,
    user_id bigint,
    jti character varying(255) NOT NULL
);


ALTER TABLE public.token_blacklist_outstandingtoken OWNER TO hello_todo;

--
-- Name: token_blacklist_outstandingtoken_id_seq; Type: SEQUENCE; Schema: public; Owner: hello_todo
--

ALTER TABLE public.token_blacklist_outstandingtoken ALTER COLUMN id ADD GENERATED BY DEFAULT AS IDENTITY (
    SEQUENCE NAME public.token_blacklist_outstandingtoken_id_seq
    START WITH 1
    INCREMENT BY 1
    NO MINVALUE
    NO MAXVALUE
    CACHE 1
);


--
-- Data for Name: auth_group; Type: TABLE DATA; Schema: public; Owner: hello_todo
--

COPY public.auth_group (id, name) FROM stdin;
\.


--
-- Data for Name: auth_group_permissions; Type: TABLE DATA; Schema: public; Owner: hello_todo
--

COPY public.auth_group_permissions (id, group_id, permission_id) FROM stdin;
\.


--
-- Data for Name: auth_permission; Type: TABLE DATA; Schema: public; Owner: hello_todo
--

COPY public.auth_permission (id, name, content_type_id, codename) FROM stdin;
1	Can add log entry	1	add_logentry
2	Can change log entry	1	change_logentry
3	Can delete log entry	1	delete_logentry
4	Can view log entry	1	view_logentry
5	Can add permission	2	add_permission
6	Can change permission	2	change_permission
7	Can delete permission	2	delete_permission
8	Can view permission	2	view_permission
9	Can add group	3	add_group
10	Can change group	3	change_group
11	Can delete group	3	delete_group
12	Can view group	3	view_group
13	Can add content type	4	add_contenttype
14	Can change content type	4	change_contenttype
15	Can delete content type	4	delete_contenttype
16	Can view content type	4	view_contenttype
17	Can add session	5	add_session
18	Can change session	5	change_session
19	Can delete session	5	delete_session
20	Can view session	5	view_session
21	Can add blacklisted token	6	add_blacklistedtoken
22	Can change blacklisted token	6	change_blacklistedtoken
23	Can delete blacklisted token	6	delete_blacklistedtoken
24	Can view blacklisted token	6	view_blacklistedtoken
25	Can add outstanding token	7	add_outstandingtoken
26	Can change outstanding token	7	change_outstandingtoken
27	Can delete outstanding token	7	delete_outstandingtoken
28	Can view outstanding token	7	view_outstandingtoken
29	Can add user	8	add_customuser
30	Can change user	8	change_customuser
31	Can delete user	8	delete_customuser
32	Can view user	8	view_customuser
33	Can add project	9	add_project
34	Can change project	9	change_project
35	Can delete project	9	delete_project
36	Can view project	9	view_project
37	Can add to do	10	add_todo
38	Can change to do	10	change_todo
39	Can delete to do	10	delete_todo
40	Can view to do	10	view_todo
\.


--
-- Data for Name: authapp_customuser; Type: TABLE DATA; Schema: public; Owner: hello_todo
--

COPY public.authapp_customuser (id, password, last_login, is_superuser, first_name, last_name, is_staff, is_active, date_joined, email) FROM stdin;
2	pbkdf2_sha256$720000$nrjYfDDkCUEJyxDZLbZiY0$xXbsEZ7xI5cRqELId+maMK/FcT8hY/PHZwJLtwrw8kg=	\N	f			f	t	2024-04-09 21:08:29.168305+00	user1@user.ru
3	pbkdf2_sha256$720000$6DP57HMlNKGBgElU2uVIvi$ldsR2xXUmwHlJpZTZts42zJlnG9cMwO4qxdFP6cpcaE=	\N	f			f	t	2024-04-09 21:08:29.641005+00	user2@user.ru
4	pbkdf2_sha256$720000$lElcCGSxO6bwN8Udx6GPby$XlkItJj+M0wUUfcLBVZF/hiSICqT5841t5hJmbhF0bY=	\N	f			f	t	2024-04-09 21:08:30.097584+00	user3@user.ru
5	pbkdf2_sha256$720000$EfsACXekVpCU5Jno2BYNVV$nU3+GkgjNf+4xKvNSVWHQSMKQfT/GD73HsSSSnYJm1k=	\N	f			f	t	2024-04-09 21:08:30.569805+00	user4@user.ru
6	pbkdf2_sha256$720000$nbi4T9EcHXylABCtPU4WP3$/MKmID0E8OI+TCEqE2EnplkvYoFi02BQLXZnSxz0s/E=	\N	f			f	t	2024-04-09 21:08:31.147769+00	user5@user.ru
7	pbkdf2_sha256$720000$yKyhZqpGqVtkVEnBsr7ncS$rVPmkF7oorsAMYez8hPwM9pJagscZ9Psy0BxdmezvvY=	\N	f			f	t	2024-04-09 21:08:31.625706+00	user6@user.ru
8	pbkdf2_sha256$720000$EOFGa3dX5IdIziIJSkG2ez$hpAKAj18azF99x2kekYxPw3wZGWK2iVhLZDBifFKdWk=	\N	f			f	t	2024-04-09 21:08:32.092094+00	user7@user.ru
9	pbkdf2_sha256$720000$jW3DsncQjdEk21hnTkfLL0$f/h0aM5MJ5bc9WoFgsGmxrOMStv3BnSA96LBjQDgyro=	\N	f			f	t	2024-04-09 21:08:32.547031+00	user8@user.ru
10	pbkdf2_sha256$720000$H0jSOSto0B2XgbQkhdW9BM$KwF554dVIjwjOSCutQfB92TQu0d/0TgIoHSB3lsQzwg=	\N	f			f	t	2024-04-09 21:08:33.002718+00	user9@user.ru
11	pbkdf2_sha256$720000$MIwg2ZIehCp036v4pwCwmQ$jT0EB6ulFsFTEDtAPg6B9aa432FovB2mfNUX02/S+cU=	\N	f			f	t	2024-04-09 21:08:33.457728+00	user10@user.ru
12	pbkdf2_sha256$720000$MGPcQ8i9wM9UKAz1a7xi7y$dJGB7/DIgkIIoKCwkl7M1gu+arVd+s6Xa8SlUCqihPM=	\N	f			f	t	2024-04-09 21:08:33.918895+00	user11@user.ru
13	pbkdf2_sha256$720000$cd8d8IkfmYq5f3gYhxYuet$3OxE1gYZI0yvfbcj2VerAEOkuiDrP9rHLwmGvMugdtk=	\N	f			f	t	2024-04-09 21:08:34.372295+00	user12@user.ru
14	pbkdf2_sha256$720000$qSTc3zKH7HL0nccLFneM2Q$k0mGVEPEpM7qL9l/Z3vF86Shj2YlAajNQ5+BplvLDGw=	\N	f			f	t	2024-04-09 21:08:34.827697+00	user13@user.ru
15	pbkdf2_sha256$720000$5AdzUtwR1kbVUin5gAr3ht$KO0N7GWGXaK8LxrbrEcpozsuopQze5klvDzldFGLfHI=	\N	f			f	t	2024-04-09 21:08:35.291812+00	user14@user.ru
16	pbkdf2_sha256$720000$ARXwlXjRWOwup1PyYN5b7U$L49Aty/dvo8R7RG2gK4nbGtk7g1LG/e8MlZ/LMp9180=	\N	f			f	t	2024-04-09 21:08:35.745074+00	user15@user.ru
17	pbkdf2_sha256$720000$BtSvKsx8f0itNi5Exn4dh7$c4MTbQwICgym05Ahe8vESmc+gXxrp/R8MHxnufguQ3Q=	\N	f			f	t	2024-04-09 21:08:36.299497+00	user16@user.ru
18	pbkdf2_sha256$720000$lWGOG2qoLN5SynmtED4xKm$cJC+Q68SAXfKCmoT2X/ibW2alIgzXgeMLPnUZL45LoE=	\N	f			f	t	2024-04-09 21:08:36.75274+00	user17@user.ru
1	pbkdf2_sha256$720000$CKpU4eh55upAjmNiFWaihR$WwxUaSM4pFASb9zlQ+VY5mjuKquAddcfJlVm2Hsqpyo=	\N	t	кодер моей мечты 🫶		t	t	2024-04-09 21:08:28.63485+00	admin@mail.ru
\.


--
-- Data for Name: authapp_customuser_groups; Type: TABLE DATA; Schema: public; Owner: hello_todo
--

COPY public.authapp_customuser_groups (id, customuser_id, group_id) FROM stdin;
\.


--
-- Data for Name: authapp_customuser_user_permissions; Type: TABLE DATA; Schema: public; Owner: hello_todo
--

COPY public.authapp_customuser_user_permissions (id, customuser_id, permission_id) FROM stdin;
\.


--
-- Data for Name: django_admin_log; Type: TABLE DATA; Schema: public; Owner: hello_todo
--

COPY public.django_admin_log (id, action_time, object_id, object_repr, action_flag, change_message, content_type_id, user_id) FROM stdin;
\.


--
-- Data for Name: django_content_type; Type: TABLE DATA; Schema: public; Owner: hello_todo
--

COPY public.django_content_type (id, app_label, model) FROM stdin;
1	admin	logentry
2	auth	permission
3	auth	group
4	contenttypes	contenttype
5	sessions	session
6	token_blacklist	blacklistedtoken
7	token_blacklist	outstandingtoken
8	authapp	customuser
9	todoapp	project
10	todoapp	todo
\.


--
-- Data for Name: django_migrations; Type: TABLE DATA; Schema: public; Owner: hello_todo
--

COPY public.django_migrations (id, app, name, applied) FROM stdin;
1	contenttypes	0001_initial	2024-04-08 20:29:41.117749+00
2	contenttypes	0002_remove_content_type_name	2024-04-08 20:29:41.124574+00
3	auth	0001_initial	2024-04-08 20:29:41.155275+00
4	auth	0002_alter_permission_name_max_length	2024-04-08 20:29:41.160777+00
5	auth	0003_alter_user_email_max_length	2024-04-08 20:29:41.166355+00
6	auth	0004_alter_user_username_opts	2024-04-08 20:29:41.171887+00
7	auth	0005_alter_user_last_login_null	2024-04-08 20:29:41.181472+00
8	auth	0006_require_contenttypes_0002	2024-04-08 20:29:41.183311+00
9	auth	0007_alter_validators_add_error_messages	2024-04-08 20:29:41.189773+00
10	auth	0008_alter_user_username_max_length	2024-04-08 20:29:41.197904+00
11	auth	0009_alter_user_last_name_max_length	2024-04-08 20:29:41.204164+00
12	auth	0010_alter_group_name_max_length	2024-04-08 20:29:41.210954+00
13	auth	0011_update_proxy_permissions	2024-04-08 20:29:41.223449+00
14	auth	0012_alter_user_first_name_max_length	2024-04-08 20:29:41.234401+00
15	authapp	0001_initial	2024-04-08 20:29:41.273528+00
16	admin	0001_initial	2024-04-08 20:29:41.291794+00
17	admin	0002_logentry_remove_auto_add	2024-04-08 20:29:41.300004+00
18	admin	0003_logentry_add_action_flag_choices	2024-04-08 20:29:41.308172+00
19	authapp	0002_alter_customuser_managers	2024-04-08 20:29:41.316252+00
20	sessions	0001_initial	2024-04-08 20:29:41.326097+00
21	todoapp	0001_initial	2024-04-08 20:29:41.420608+00
22	todoapp	0002_alter_project_project_team	2024-04-08 20:29:41.433556+00
23	token_blacklist	0001_initial	2024-04-08 20:29:41.473257+00
24	token_blacklist	0002_outstandingtoken_jti_hex	2024-04-08 20:29:41.48603+00
25	token_blacklist	0003_auto_20171017_2007	2024-04-08 20:29:41.500115+00
26	token_blacklist	0004_auto_20171017_2013	2024-04-08 20:29:41.514448+00
27	token_blacklist	0005_remove_outstandingtoken_jti	2024-04-08 20:29:41.526183+00
28	token_blacklist	0006_auto_20171017_2113	2024-04-08 20:29:41.539091+00
29	token_blacklist	0007_auto_20171017_2214	2024-04-08 20:29:41.568053+00
30	token_blacklist	0008_migrate_to_bigautofield	2024-04-08 20:29:41.60876+00
31	token_blacklist	0010_fix_migrate_to_bigautofield	2024-04-08 20:29:41.626309+00
32	token_blacklist	0011_linearizes_history	2024-04-08 20:29:41.628555+00
33	token_blacklist	0012_alter_outstandingtoken_user	2024-04-08 20:29:41.641908+00
\.


--
-- Data for Name: django_session; Type: TABLE DATA; Schema: public; Owner: hello_todo
--

COPY public.django_session (session_key, session_data, expire_date) FROM stdin;
\.


--
-- Data for Name: todoapp_project; Type: TABLE DATA; Schema: public; Owner: hello_todo
--

COPY public.todoapp_project (id, project_name, link_to_repo, description, created, updated, deleted) FROM stdin;
1	Пошли гулять по городу мечты	https://lkcam.sarbc.ru/cameras	Хотя, может ни одной камеры по пути и не попадется...Но это не точно	2024-04-11 07:48:07.336299+00	2024-04-11 07:48:07.336321+00	f
2	Мой любимый проект	https://github.com/aastavitskaya/ToDo	Кое-что про SPA	2024-04-11 14:40:00.499098+00	2024-04-11 14:40:00.49912+00	f
3	🤍 Всё получилось	https://teisy.ru	Как и всегда, когда ты	2024-04-19 20:40:26.071317+00	2024-04-19 20:40:26.071348+00	f
4	Happy birthday 🥳	https://drive.google.com/file/d/1Eq7xYjlfUiyetpo_TPd2gOsyGJ0af_Td/view?usp=drivesdk	Привет 😇 С днем рождения, Ромка!   Пусть все будет классно 🙌 пусть у тебя все получается и сбывается 😇 желаю, чтобы самые любимые были рядом всегда-всегда 🤗  После всех 1344 пирогов и одной свечки 🎂 не забывай бегать и тренить 🙌 только не «потому что надо», а потому что Можешь 🤍   Надеюсь Никель дарит к ДР не только огромный мешок с мерчем 🤭 но ещё и тонну позитива и море энергии, так чтобы аж светиться получалось ✨ ну и пару недель отпуска в придачу 😉   Обнимаю тебя 🫶 и тешу надежду, что ты никогда не найдешь это сообщение	2024-05-26 08:17:51.347958+00	2024-05-26 08:17:51.34799+00	f
5	Доброе утро ☀️	https://drive.google.com/file/d/1DxW4elfpoq0lMiZerKPPePQ8rHYU-qHr/view?usp=drivesdk	Привет ❤️ почему todo’шка с одним сердечком  в body улетела наверх к другой такой же todo’шке с сердечком? Чудеса 🫶   День и ночь я пытаюсь отвлекаться и периодами даже читаю. Из последнего чтения у меня вновьподаренная первая Дюна и книжка Табакова про себя )))) хочешь скрин из последней? Очень хорошо помню этот момент. Мне чертовски  надо было улететь мысленно, всё вокруг меня катилось в непроглядную бездну, даже аура в шоке. Такого с нами не случалось 🤔  Но я все равно оказалась на 1344ом 🌥️, просто представила: как бы мягко ты улыбался, читая строчки этой книги. Не думать про тебя всё ещё  невозможно, извини, мне хочется ❤️ я вечно ныряю с головой в свой беззаботный период учебы с лучшим наставником на свете 🙌 люблю тебя 💕 отправлю тебе 💋 всех звездочек, пусть посветят 💫   Я иногда даже не знаю, благодаря чему я в итоге держусь и не пишу тебе. Мне хочется это делать 25/8, ты мне нужен здесь и сейчас всегда 🤍 так хочу  выключать голову и оставлять только сердце и чувства. Но я не могу 🤍 пока что 🤫  Ромка, ты восхитительный 😍 и даже не думай проваливаться 🍓  Fastapi похож на яму 😂 но все будет хорошо.  В последнем тестовом мне предложили сделать tutorial на https://frappeframework.com/docs/user/en/tutorial Вот интересно: frappe это как кофе? 🤔   Обнимаю тебя 🫶 целую 💋 вечность	2024-06-02 03:44:23.590785+00	2024-06-02 03:44:23.590815+00	f
\.


--
-- Data for Name: todoapp_project_project_team; Type: TABLE DATA; Schema: public; Owner: hello_todo
--

COPY public.todoapp_project_project_team (id, project_id, customuser_id) FROM stdin;
1	1	1
2	2	1
3	2	2
4	2	3
5	2	4
6	3	1
7	3	2
8	3	3
9	3	4
10	3	5
11	3	6
12	3	7
13	3	8
14	4	2
15	5	1
\.


--
-- Data for Name: todoapp_todo; Type: TABLE DATA; Schema: public; Owner: hello_todo
--

COPY public.todoapp_todo (id, body, is_active, created, updated, deleted, project_id, user_id) FROM stdin;
2	Пора бы уже заняться SSL	t	2024-04-11 14:40:55.529908+00	2024-04-11 14:40:55.529926+00	f	2	1
1	Пошли ❤️	t	2024-04-11 09:32:49.831869+00	2024-04-11 09:32:49.831893+00	f	1	1
3	"Every breath you take  And every push you make  Every pull you merge, every step you take  I'll be watching you"	t	2024-04-19 20:48:26.72563+00	2024-04-19 20:48:26.725663+00	f	3	1
4	Рома 🥰 ты великолепен, ты в курсе?   Я обожаю твое воображение ❤️ 5 кило магния 😍 видела в spa-салоне одну завораживающую ванную комнату с огромным окном в пол и прямо сразу переместила себя с этим excellent quality Mg туда…так всё. Вернись 🤍   Спасибо  😇 это две чудесные коробки, в одной из них целое облако раффаэлок и несколько штучек, которые говорят мне, что ты обнял мою душу ещё 474853515 мллионов тысяч раз 🤗 и подтолкнул прыгать ее на сосисочной скакалке 😂 а ещё в этой коробке спряталось твое явное желание поподелывать вместе с булками 😂 я люблю тебя 💋  Даже не знаю, стоит ли мне комментировать всю ситуацию 🙈 и твои «3 по десятибалльной шкале»  Точно знаю вот что. Если бы для Настасьи это был конец - он бы сразу настал, не было бы никаких «поисков ответов» и провалов в дурацкие мысли.   А ещё, если вдруг это дно - то есть все шансы оттолкнуться 😉  Но её мысли никуда не денутся (никогда) очень-очень долго. Главное, будь всегда рядом 🫶 и да, у тебя точно всё получится 🤗 я ведь (пожелала) узнавала 🤍  Я люблю тебя 🤍 не «потому что», не «за», без каких-либо условий и расстояний 🫶 а просто навсегда. И потом ещё тоже 🤗	t	2024-05-27 12:08:27.609183+00	2024-05-27 12:08:27.609208+00	f	4	1
14	❤️	t	2024-05-31 12:27:35.361276+00	2024-05-31 12:27:35.361295+00	f	3	1
1344	❤️	t	2024-05-27 13:45:59.051158+00	2024-05-27 13:45:59.051179+00	f	4	1
7	Привет ❤️   Я на минутку 🤭 просто очень соскучилась 🫶 эти maps’ы и 2GiS’ы - чистое зло, но без них в 384858673 раза хуже 🙈  Ты тот ещё шумахер, мне теперь видно с какой скоростью ты ездишь по городу 👻   Скажи, что у тебя и всех твоих любимок все нормально 🙌 мне надо 🤍	t	2024-05-30 06:16:24.869141+00	2024-05-30 06:16:24.869171+00	f	1	1
15	❤️	t	2024-06-02 13:06:46.969727+00	2024-06-02 13:06:46.969755+00	f	5	1
6	Какой же я шумахер 😂 у меня за последние лет 10 только три штрафа за превышение и 100500 за парковку в неположенном месте 😜 \nВсё отлично! Настя в 122-ой больнице удаляет сложный зуб мудрости под общим наркозом, но уже проснулась и готова отдыхать. Надеюсь, завтра её заберём 😏 Привет 🥰 Я всегда рядом 🤍  	t	2024-05-30 06:17:37.982+00	2024-05-30 06:17:37.982+00	f	1	1
8	Слышала? docker ушёл из России 😱	t	2024-05-30 13:32:42.393953+00	2024-05-30 13:32:42.393971+00	f	3	1
9	sudo nano /etc/docker/daemon.json	t	2024-05-30 14:01:32.452938+00	2024-05-30 14:01:32.452969+00	f	3	1
10	{ "registry-mirrors": ["https://mirror.gcr.io", "https://daocloud.io", "https://c.163.com/", "https://registry.docker-cn.com"] }	t	2024-05-30 14:01:51.112173+00	2024-05-30 14:01:51.112192+00	f	3	1
11	sudo systemctl daemon-reload&&sudo systemctl restart docker	t	2024-05-30 14:02:42.791216+00	2024-05-30 14:02:42.791235+00	f	3	1
5	Теперь используем кривые зеркала 🐳 Docker Hub 😉 🦜🏴‍☠️	t	2024-05-30 13:32:42.393+00	2024-05-30 13:32:42.393+00	f	3	1
12	Прочитала про docker у одного колдуна 🤭 у него ещё комментарии там веселые под постом про «досвидули docker» \n\nЯ сходила на собеседование в GKU_Sar. Думаю, ничего хорошего из этого не вышло, но было весело )))) их лид тот еще доктор Хаус, я просто в восторге от самодурности этого человека, он очень классный )))) поинтересовался про коммиты в моем ToDo 😂 Ох, я так не смущалась наверное 🤔да никогда 😂❤️\n\nПора переписывать сайт и пихать в него комментарии и реакции с сердечками❤️ и коронами  👑 😇	t	2024-05-31 08:47:32.165+00	2024-05-31 08:47:32.165+00	f	3	1
13	Класс 🙌 я очень рад 😊 что тебе нравится ходить на собесы 😁 и что великий колдун помогает тебе с докером 😈 твои коммиты в Todo потрясные 🥰 нечего там смущаться 💯 Сайт хорош и так ☺️ лучше начни FastAPI https://fastapi.tiangolo.com/learn/	t	2024-05-31 09:10:15.543563+00	2024-05-31 09:10:15.543591+00	f	3	1
16	Сердечкам нет дела до всяких там индексов и сортировок 😉 Почему - почему ❤️ они всегда появляются 🥰	t	2024-06-02 13:09:36.2575+00	2024-06-02 13:09:36.257527+00	f	5	1
19	Я очень тебя ❤️ люблю и безумно скучаю, учиться с тобой - самое счастливое время в моей жизни 🥰	t	2024-06-02 13:20:24.897+00	2024-06-02 13:20:24.897+00	f	5	1
17	Поулыбался Табакову 😊 ну как тут не провалиться 😘	t	2024-06-02 13:15:58.667037+00	2024-06-02 13:15:58.667065+00	f	5	1
18	😂 Теперь понятно, почему у меня в голове вчера весь вечер и сегодня всё утро утро крутится слово фраппе 😋Ты же знаешь, мало скинуть только ссылку на документацию 🙌 надо еще задание и сроки 😉\nПусть FastAPI не кажется ямой, я уже начал его почитывать 😁 даже получил пожизненный сервер 😂  на cloud.ru, где первые два месяца - бесплатно, а дальше 150р за аренду внешнего IP 😁 Есть админская учётка ssh teisy@176.109.111.188 🫶 пароль ты знаешь 🐮🐄 только без cow'ычек и с маленкой буквы 👻 Можешь использовать его на своё усмотрение 🙃 например, чтобы фраппе заваривать	t	2024-06-02 13:17:16.352+00	2024-06-02 13:17:16.352+00	f	5	1
20	С frappe все и так ясно 🍌 ты же знаешь ☺️ я пью фильтр 👑  А самое главное в этом  (и самое удивительное 💫💕), что Bluetooth 💙 работает 💙 обожаю тебя 🫶	t	2024-06-02 17:56:36.906458+00	2024-06-02 17:56:36.906489+00	f	5	1
21	Хммм именно на даче коровкинг 🐮 и нарисовался 🤭 сижу за тем же столом 😏 бррр 😏 но наверное рисунок был беспощадно уничтожен 🤭 надо поискать	t	2024-06-02 17:58:19.626004+00	2024-06-02 17:58:19.626023+00	f	5	1
22	Люблю тебя 🤍 навсегда, а потом ещё на столько же 🫶🥥	t	2024-06-02 17:59:00.466255+00	2024-06-02 17:59:00.466272+00	f	2	1
23	Рукописи не горят 😉 https://github.com/P0MKA/teisy/blob/main/static/img/pic.jpg	t	2024-06-02 18:58:50.502587+00	2024-06-02 18:58:50.502616+00	f	2	1
24	Нет времени объяснять 😂 добавляйся https://miro.com/welcomeonboard/SUlKa3RhdFBWSmJHRkVTWjVSTk1XWldHc3VoOUU5b3dCU2FDUGhLVGwza2dsYldOalFFdW5LdVVWR0t5NUtMQnwzNDU4NzY0NTU3MDI0MzUzNDcxfDI=?share_link_id=607446783476	t	2024-06-03 00:31:02.048589+00	2024-06-03 00:31:02.048618+00	f	5	1
\.


--
-- Data for Name: token_blacklist_blacklistedtoken; Type: TABLE DATA; Schema: public; Owner: hello_todo
--

COPY public.token_blacklist_blacklistedtoken (id, blacklisted_at, token_id) FROM stdin;
\.


--
-- Data for Name: token_blacklist_outstandingtoken; Type: TABLE DATA; Schema: public; Owner: hello_todo
--

COPY public.token_blacklist_outstandingtoken (id, token, created_at, expires_at, user_id, jti) FROM stdin;
1	eyJhbGciOiJIUzI1NiIsInR5cCI6IkpXVCJ9.eyJ0b2tlbl90eXBlIjoicmVmcmVzaCIsImV4cCI6MTcxMjg3MDkxMiwiaWF0IjoxNzEyNzg0NTEyLCJqdGkiOiJhNTA5NGNkMmIyZDM0NDc0ODdlMjY5NzRhNGZkMGQ4MyIsInVzZXJfaWQiOjF9.DfmNO7NbF94LMbNqzUfiPNXj30zK0HVLUpEZzYdxESQ	2024-04-10 21:28:32.270696+00	2024-04-11 21:28:32+00	1	a5094cd2b2d3447487e26974a4fd0d83
2	eyJhbGciOiJIUzI1NiIsInR5cCI6IkpXVCJ9.eyJ0b2tlbl90eXBlIjoicmVmcmVzaCIsImV4cCI6MTcxMjg3MTAzNCwiaWF0IjoxNzEyNzg0NjM0LCJqdGkiOiJjZmIxOGQzMmVjNjE0M2M0ODdhOTVhOTQxMGRjOTJiZSIsInVzZXJfaWQiOjF9.fKXG52rnKjM6SDu4ifZSKN2wpEOFk1eCt5pOptqvSDo	2024-04-10 21:30:34.128661+00	2024-04-11 21:30:34+00	1	cfb18d32ec6143c487a95a9410dc92be
3	eyJhbGciOiJIUzI1NiIsInR5cCI6IkpXVCJ9.eyJ0b2tlbl90eXBlIjoicmVmcmVzaCIsImV4cCI6MTcxMjg5NjE0OCwiaWF0IjoxNzEyODA5NzQ4LCJqdGkiOiJhMzdlM2M5YmE0ZmE0NmFhOGZmZGI1ZGU5YjE1NWFlNSIsInVzZXJfaWQiOjF9.yWIBtHF38Rm7Hz8Ca1PeNTrk6RxNFHSpgIIRIppkTiw	2024-04-11 04:29:08.732779+00	2024-04-12 04:29:08+00	1	a37e3c9ba4fa46aa8ffdb5de9b155ae5
4	eyJhbGciOiJIUzI1NiIsInR5cCI6IkpXVCJ9.eyJ0b2tlbl90eXBlIjoicmVmcmVzaCIsImV4cCI6MTcxMjg5NjE3MiwiaWF0IjoxNzEyODA5NzcyLCJqdGkiOiJkMTE4ZTBkNTg5M2U0OTc4YjBmNzkyYjUwZjA5ZjY2MyIsInVzZXJfaWQiOjJ9.RhxA03SN9givFhgc2u0o2ziJ2KZ2kybLu_g1qlbdtmo	2024-04-11 04:29:32.886697+00	2024-04-12 04:29:32+00	2	d118e0d5893e4978b0f792b50f09f663
5	eyJhbGciOiJIUzI1NiIsInR5cCI6IkpXVCJ9.eyJ0b2tlbl90eXBlIjoicmVmcmVzaCIsImV4cCI6MTcxMjkwNzkzMCwiaWF0IjoxNzEyODIxNTMwLCJqdGkiOiJkMGJlMjhiZGJjYTI0YTQ2YTM2N2M0MTEzYTcwNjljZCIsInVzZXJfaWQiOjF9.7XM8_ig1BP0s0b6fUS5B7a5Pvfvs_vBbzXtL4_xSc7Q	2024-04-11 07:45:30.282865+00	2024-04-12 07:45:30+00	1	d0be28bdbca24a46a367c4113a7069cd
6	eyJhbGciOiJIUzI1NiIsInR5cCI6IkpXVCJ9.eyJ0b2tlbl90eXBlIjoicmVmcmVzaCIsImV4cCI6MTcxMjkwODgwNSwiaWF0IjoxNzEyODIyNDA1LCJqdGkiOiJiOGJjMjEwMTU2OTk0ODQ5OWMxOWJiZGNmM2RiYTU3MiIsInVzZXJfaWQiOjF9.8i8Occ_j1EmcT-DJLoUAsbKnvQM3VVyi65KEneCtosA	2024-04-11 08:00:05.449621+00	2024-04-12 08:00:05+00	1	b8bc2101569948499c19bbdcf3dba572
7	eyJhbGciOiJIUzI1NiIsInR5cCI6IkpXVCJ9.eyJ0b2tlbl90eXBlIjoicmVmcmVzaCIsImV4cCI6MTcxMjkwODg0NiwiaWF0IjoxNzEyODIyNDQ2LCJqdGkiOiIxNGFlMDgwYWI1YjU0NDRmOWFiNzM5MzBhNThjMTFhYiIsInVzZXJfaWQiOjF9.OjzzyQ7Mas2Xhpl_yTPxRfilK5JIIQrkXf5_rH5x-lE	2024-04-11 08:00:46.563949+00	2024-04-12 08:00:46+00	1	14ae080ab5b5444f9ab73930a58c11ab
8	eyJhbGciOiJIUzI1NiIsInR5cCI6IkpXVCJ9.eyJ0b2tlbl90eXBlIjoicmVmcmVzaCIsImV4cCI6MTcxMjkxNDI2OSwiaWF0IjoxNzEyODI3ODY5LCJqdGkiOiJhMzgwMGUxMjgyMTc0YTUxODBlNjA5MzMzNmU0MGZjOCIsInVzZXJfaWQiOjF9.zqFUnFn3rCni_qMn2f4zd-6XejhvRDjbkwfBDzXDHGI	2024-04-11 09:31:09.587494+00	2024-04-12 09:31:09+00	1	a3800e1282174a5180e6093336e40fc8
9	eyJhbGciOiJIUzI1NiIsInR5cCI6IkpXVCJ9.eyJ0b2tlbl90eXBlIjoicmVmcmVzaCIsImV4cCI6MTcxMjkxNDQ3OSwiaWF0IjoxNzEyODI4MDc5LCJqdGkiOiI1OTdhYzU2MjIwMjk0YTdiYmFmMDYyZjI4OTU0OGFjNiIsInVzZXJfaWQiOjF9.QTkuIwmycGO1sNFlgGREOhyQFNKx62U2z57kV24jQrI	2024-04-11 09:34:39.182766+00	2024-04-12 09:34:39+00	1	597ac56220294a7bbaf062f289548ac6
10	eyJhbGciOiJIUzI1NiIsInR5cCI6IkpXVCJ9.eyJ0b2tlbl90eXBlIjoicmVmcmVzaCIsImV4cCI6MTcxMjk4NTc5OCwiaWF0IjoxNzEyODk5Mzk4LCJqdGkiOiJmMDM2ZDM3MGFiNDc0OGMzYjI0YjY2ZWU5MmRlODdkOCIsInVzZXJfaWQiOjF9.xgqlVp6W6eF_hSHj9Okq0TzMnvCrKQfUURJ-pkA1_gs	2024-04-12 05:23:18.409112+00	2024-04-13 05:23:18+00	1	f036d370ab4748c3b24b66ee92de87d8
11	eyJhbGciOiJIUzI1NiIsInR5cCI6IkpXVCJ9.eyJ0b2tlbl90eXBlIjoicmVmcmVzaCIsImV4cCI6MTcxMjk4NTk0NiwiaWF0IjoxNzEyODk5NTQ2LCJqdGkiOiI5MzUyYzhlYmY1N2I0MDhmYjliYzg1MjRmNTVmOWM4MSIsInVzZXJfaWQiOjF9.guNFr6X2fyNZQYeHx57JBavkARaTWSp9kvISUdSPCDI	2024-04-12 05:25:46.377817+00	2024-04-13 05:25:46+00	1	9352c8ebf57b408fb9bc8524f55f9c81
12	eyJhbGciOiJIUzI1NiIsInR5cCI6IkpXVCJ9.eyJ0b2tlbl90eXBlIjoicmVmcmVzaCIsImV4cCI6MTcxMjk4Nzc1NCwiaWF0IjoxNzEyOTAxMzU0LCJqdGkiOiIyMzVmNTZmZGFlZTY0MjZkYmRlMzI3NzlmZGUxZmY2MiIsInVzZXJfaWQiOjF9.fIuo_Ov8i51AABaPCdMmt8hvgPuPPRyyd8aYJfs35hw	2024-04-12 05:55:54.999743+00	2024-04-13 05:55:54+00	1	235f56fdaee6426dbde32779fde1ff62
13	eyJhbGciOiJIUzI1NiIsInR5cCI6IkpXVCJ9.eyJ0b2tlbl90eXBlIjoicmVmcmVzaCIsImV4cCI6MTcxMzAwNTQwMiwiaWF0IjoxNzEyOTE5MDAyLCJqdGkiOiJlNzQ3M2I5MzBiMTk0NzAzYWYyNDk3ZjNmNmVhYjVjYiIsInVzZXJfaWQiOjF9.3SOyZ0XMeO5zNBX5mh939DXwjRA2W-1h-ODlZ5_fXWo	2024-04-12 10:50:02.377491+00	2024-04-13 10:50:02+00	1	e7473b930b194703af2497f3f6eab5cb
14	eyJhbGciOiJIUzI1NiIsInR5cCI6IkpXVCJ9.eyJ0b2tlbl90eXBlIjoicmVmcmVzaCIsImV4cCI6MTcxMzE2MDY3NCwiaWF0IjoxNzEzMDc0Mjc0LCJqdGkiOiI5YjVjNTkzYjE4OGQ0YWVlOThkZWYzYzgxNThkM2RjNyIsInVzZXJfaWQiOjF9.lcYTil_nDxHC1W5UsGthsh_0l3TWVZSP-uYdYzGIROU	2024-04-14 05:57:54.523622+00	2024-04-15 05:57:54+00	1	9b5c593b188d4aee98def3c8158d3dc7
15	eyJhbGciOiJIUzI1NiIsInR5cCI6IkpXVCJ9.eyJ0b2tlbl90eXBlIjoicmVmcmVzaCIsImV4cCI6MTcxMzU4MzEyOSwiaWF0IjoxNzEzNDk2NzI5LCJqdGkiOiJhNjkyZGQ4NWQzZGU0MzQzYjgxMjM2M2JhZDA0MmE2NSIsInVzZXJfaWQiOjF9.qStNvH-dNoQGY7Ujuxe-Vje2_BU7KO72HTfc53DFq0A	2024-04-19 03:18:49.370623+00	2024-04-20 03:18:49+00	1	a692dd85d3de4343b812363bad042a65
16	eyJhbGciOiJIUzI1NiIsInR5cCI6IkpXVCJ9.eyJ0b2tlbl90eXBlIjoicmVmcmVzaCIsImV4cCI6MTcxMzYyMTQ4NCwiaWF0IjoxNzEzNTM1MDg0LCJqdGkiOiJlMGEyZDAzMTY1ZGY0M2YwYmU4YzAxMzdiZDg4Njg5MSIsInVzZXJfaWQiOjF9.ChDvyxdg5TEQQ3fiDkU1IYuJ3EWbpjCVprAV5cy6t1I	2024-04-19 13:58:04.518505+00	2024-04-20 13:58:04+00	1	e0a2d03165df43f0be8c0137bd886891
17	eyJhbGciOiJIUzI1NiIsInR5cCI6IkpXVCJ9.eyJ0b2tlbl90eXBlIjoicmVmcmVzaCIsImV4cCI6MTcxMzY0NTU0OCwiaWF0IjoxNzEzNTU5MTQ4LCJqdGkiOiJiN2UyNTZmYTI0Y2I0MWY2OGQ3M2M1YzQwZTZiYzQ1MiIsInVzZXJfaWQiOjF9.meztsG-ofGgjK8JKeiwsl1IMLSBQ36JcoO-SgL2x8pc	2024-04-19 20:39:08.404631+00	2024-04-20 20:39:08+00	1	b7e256fa24cb41f68d73c5c40e6bc452
18	eyJhbGciOiJIUzI1NiIsInR5cCI6IkpXVCJ9.eyJ0b2tlbl90eXBlIjoicmVmcmVzaCIsImV4cCI6MTcxMzY4NTMxMSwiaWF0IjoxNzEzNTk4OTExLCJqdGkiOiI5OGUwZWU2OTc5ZTQ0ZTBlOTAxYjA2NzA5ZmU0YzQ3OSIsInVzZXJfaWQiOjF9.syZgup1RBiXwPE8iVXmg4STpLl6-ECbuuRJiVFTaLXw	2024-04-20 07:41:51.297431+00	2024-04-21 07:41:51+00	1	98e0ee6979e44e0e901b06709fe4c479
19	eyJhbGciOiJIUzI1NiIsInR5cCI6IkpXVCJ9.eyJ0b2tlbl90eXBlIjoicmVmcmVzaCIsImV4cCI6MTcxMzc4MTk3MywiaWF0IjoxNzEzNjk1NTczLCJqdGkiOiJmZWFmODI5ZDYyMTU0ZmEyODA5ZGIxMDI3M2M1OTAwNSIsInVzZXJfaWQiOjF9.BEjcNAIeaI84Hz6spKQL6B-pHz1JGJ2CsWwurplXXPw	2024-04-21 10:32:53.672973+00	2024-04-22 10:32:53+00	1	feaf829d62154fa2809db10273c59005
20	eyJhbGciOiJIUzI1NiIsInR5cCI6IkpXVCJ9.eyJ0b2tlbl90eXBlIjoicmVmcmVzaCIsImV4cCI6MTcxNDA2MzYxMiwiaWF0IjoxNzEzOTc3MjEyLCJqdGkiOiIyNDYzMmU5ZjYyMWE0NDdiOTk2MDdjYzg5MWRmYzVmMyIsInVzZXJfaWQiOjF9.Q3xAQoRExQOXiAejP24N7LfSbNL8TQvyDeVnZgKqkOQ	2024-04-24 16:46:52.915688+00	2024-04-25 16:46:52+00	1	24632e9f621a447b99607cc891dfc5f3
21	eyJhbGciOiJIUzI1NiIsInR5cCI6IkpXVCJ9.eyJ0b2tlbl90eXBlIjoicmVmcmVzaCIsImV4cCI6MTcxNDEyMTIyNiwiaWF0IjoxNzE0MDM0ODI2LCJqdGkiOiI1NGM3M2JjZDA4ZmQ0OTBlYjU2MTIwYWNlZTJjOTZjOCIsInVzZXJfaWQiOjF9.z2DVbYaWZD8Gk3s4TbzadObKmgQQ-DsbIcZRTCcMHxU	2024-04-25 08:47:06.978645+00	2024-04-26 08:47:06+00	1	54c73bcd08fd490eb56120acee2c96c8
22	eyJhbGciOiJIUzI1NiIsInR5cCI6IkpXVCJ9.eyJ0b2tlbl90eXBlIjoicmVmcmVzaCIsImV4cCI6MTcxNDY2ODYyNywiaWF0IjoxNzE0NTgyMjI3LCJqdGkiOiJhNjdhMDY4ZmM3NjE0NjRjYmExMjEzZGM1NmEzYmE2MCIsInVzZXJfaWQiOjF9.Io75s15oBY7g-cyn1SMA0F7W4Agwt0FGudnEN3zrJtA	2024-05-01 16:50:27.11234+00	2024-05-02 16:50:27+00	1	a67a068fc761464cba1213dc56a3ba60
23	eyJhbGciOiJIUzI1NiIsInR5cCI6IkpXVCJ9.eyJ0b2tlbl90eXBlIjoicmVmcmVzaCIsImV4cCI6MTcxNDY4MTAwOSwiaWF0IjoxNzE0NTk0NjA5LCJqdGkiOiJlNjczYTE0NTBkM2E0MTc5OWY3MzAyZGZmYjE3NjcxYSIsInVzZXJfaWQiOjF9.VCiLFomO4zVhGLqypEeaqAli3p509vXCPjjbWiP52bY	2024-05-01 20:16:49.33671+00	2024-05-02 20:16:49+00	1	e673a1450d3a41799f7302dffb17671a
24	eyJhbGciOiJIUzI1NiIsInR5cCI6IkpXVCJ9.eyJ0b2tlbl90eXBlIjoicmVmcmVzaCIsImV4cCI6MTcxNDcyMzMxNCwiaWF0IjoxNzE0NjM2OTE0LCJqdGkiOiIwZTJmZGY3NWMzMzA0MzIwOTkzZjMzM2Q4OGFjYTUxMCIsInVzZXJfaWQiOjF9.MMGdPlIOWKdYU2pDuVh6jAN8lONZovn2neoDdrtKxco	2024-05-02 08:01:54.593165+00	2024-05-03 08:01:54+00	1	0e2fdf75c3304320993f333d88aca510
25	eyJhbGciOiJIUzI1NiIsInR5cCI6IkpXVCJ9.eyJ0b2tlbl90eXBlIjoicmVmcmVzaCIsImV4cCI6MTcxNDczMzgwMSwiaWF0IjoxNzE0NjQ3NDAxLCJqdGkiOiJjMzEyNTIwNjM3YTQ0Zjc3YjUxMjM4YTZkNmFkYzEwYyIsInVzZXJfaWQiOjF9.q1TF8_22kll7WgFEkXLEiKrPmmW5irpYpUwk4JbgwZI	2024-05-02 10:56:41.765276+00	2024-05-03 10:56:41+00	1	c312520637a44f77b51238a6d6adc10c
26	eyJhbGciOiJIUzI1NiIsInR5cCI6IkpXVCJ9.eyJ0b2tlbl90eXBlIjoicmVmcmVzaCIsImV4cCI6MTcxNDkzOTI0MCwiaWF0IjoxNzE0ODUyODQwLCJqdGkiOiI1YmUzNGM4ZWI5Zjg0Y2NmYmQzOTM1ZTMyMDAyZWEwMCIsInVzZXJfaWQiOjF9.atZ8gy9yNQelQKISsScz7is7K4fdf9trwuqfu2rdVzQ	2024-05-04 20:00:40.329736+00	2024-05-05 20:00:40+00	1	5be34c8eb9f84ccfbd3935e32002ea00
27	eyJhbGciOiJIUzI1NiIsInR5cCI6IkpXVCJ9.eyJ0b2tlbl90eXBlIjoicmVmcmVzaCIsImV4cCI6MTcxNDk5ODkyOSwiaWF0IjoxNzE0OTEyNTI5LCJqdGkiOiJiOTQzOTYwNzhkZGQ0YzMzOWI4ZTc0NjhiZmM4NzRmNiIsInVzZXJfaWQiOjF9.rW1L0bLjqzACK99nbwEM778vwaEGCWna8sizMW7aHsQ	2024-05-05 12:35:29.354801+00	2024-05-06 12:35:29+00	1	b94396078ddd4c339b8e7468bfc874f6
28	eyJhbGciOiJIUzI1NiIsInR5cCI6IkpXVCJ9.eyJ0b2tlbl90eXBlIjoicmVmcmVzaCIsImV4cCI6MTcxNTEwNTkxMiwiaWF0IjoxNzE1MDE5NTEyLCJqdGkiOiJiYmNmMzZlNTRlNWQ0NjIzYWI5MzdhZjdkNzcxNWZjMSIsInVzZXJfaWQiOjF9.uUjkS4x9-ni6iQnZJWVeyOdbU7uaWC11ScIdDsbdR5A	2024-05-06 18:18:32.436082+00	2024-05-07 18:18:32+00	1	bbcf36e54e5d4623ab937af7d7715fc1
29	eyJhbGciOiJIUzI1NiIsInR5cCI6IkpXVCJ9.eyJ0b2tlbl90eXBlIjoicmVmcmVzaCIsImV4cCI6MTcxNTQxNDI3OSwiaWF0IjoxNzE1MzI3ODc5LCJqdGkiOiI4Y2FkYTVmOGIwZmY0ZGJkYjMxODk5MDBkMGJjODEwMSIsInVzZXJfaWQiOjF9.NRmnsVZOISsEM6z1QzPs9A_Y6HENMwc1WbDUhZZWf4E	2024-05-10 07:57:59.908717+00	2024-05-11 07:57:59+00	1	8cada5f8b0ff4dbdb3189900d0bc8101
30	eyJhbGciOiJIUzI1NiIsInR5cCI6IkpXVCJ9.eyJ0b2tlbl90eXBlIjoicmVmcmVzaCIsImV4cCI6MTcxNTUwNzM0NywiaWF0IjoxNzE1NDIwOTQ3LCJqdGkiOiJlMGE1OWM4Y2Q4YWQ0ZTQ1YTQzMTU4MDJkMWZlODkxMCIsInVzZXJfaWQiOjF9.7Sc1uuYvOfK8S9bhd0GUOk-S_tzXTB0DyHY8hbkLxns	2024-05-11 09:49:07.577468+00	2024-05-12 09:49:07+00	1	e0a59c8cd8ad4e45a4315802d1fe8910
31	eyJhbGciOiJIUzI1NiIsInR5cCI6IkpXVCJ9.eyJ0b2tlbl90eXBlIjoicmVmcmVzaCIsImV4cCI6MTcxNTYzMDk2NywiaWF0IjoxNzE1NTQ0NTY3LCJqdGkiOiJmNzI4N2FhYTE2ZTk0NzNiOWIxNmJiMTg1MDU1M2IyZCIsInVzZXJfaWQiOjF9.AwWPCsU7jyRs-PBuTJu4LJKRwblpY5V3HOoTazPNEwE	2024-05-12 20:09:27.792142+00	2024-05-13 20:09:27+00	1	f7287aaa16e9473b9b16bb1850553b2d
32	eyJhbGciOiJIUzI1NiIsInR5cCI6IkpXVCJ9.eyJ0b2tlbl90eXBlIjoicmVmcmVzaCIsImV4cCI6MTcxNTg1OTIyNSwiaWF0IjoxNzE1NzcyODI1LCJqdGkiOiI0ZDZjYWIwMGVlZDI0YzI0OGY5MDI0NmM3MzAzNjJkZCIsInVzZXJfaWQiOjF9.G6Pttyx-5HE4dzA2PMzC7IlXSn3Ly1CnyCUfY_GNaes	2024-05-15 11:33:45.996183+00	2024-05-16 11:33:45+00	1	4d6cab00eed24c248f90246c730362dd
33	eyJhbGciOiJIUzI1NiIsInR5cCI6IkpXVCJ9.eyJ0b2tlbl90eXBlIjoicmVmcmVzaCIsImV4cCI6MTcxNjAzMDU4OSwiaWF0IjoxNzE1OTQ0MTg5LCJqdGkiOiI2NDQ0NzgwYjRkODU0ZDgzOGQwMzY0MGRmMDc2Mjk3ZSIsInVzZXJfaWQiOjF9.oxP2EEIJKTaSZ9YIO_gHRuC4T-i47Y67J3tq4g0Z-1E	2024-05-17 11:09:49.763806+00	2024-05-18 11:09:49+00	1	6444780b4d854d838d03640df076297e
34	eyJhbGciOiJIUzI1NiIsInR5cCI6IkpXVCJ9.eyJ0b2tlbl90eXBlIjoicmVmcmVzaCIsImV4cCI6MTcxNjM4Mjk5NiwiaWF0IjoxNzE2Mjk2NTk2LCJqdGkiOiJiZjVjMjgxZmU2MjI0YmY0YTdkM2VkY2ZlZGIyMWY5ZCIsInVzZXJfaWQiOjF9.X4XZaMDqixsgqwXCaGdnty7Zz64l7q_UkYO2feUCyB8	2024-05-21 13:03:16.180696+00	2024-05-22 13:03:16+00	1	bf5c281fe6224bf4a7d3edcfedb21f9d
35	eyJhbGciOiJIUzI1NiIsInR5cCI6IkpXVCJ9.eyJ0b2tlbl90eXBlIjoicmVmcmVzaCIsImV4cCI6MTcxNjY2MTE5NCwiaWF0IjoxNzE2NTc0Nzk0LCJqdGkiOiJmYzJkNTBmYmQ2ODE0N2Y1YWE4MTRlMWU5MWFjMTlkOCIsInVzZXJfaWQiOjF9.vNtHu9uL0H-fRTeHb4YCasWpNdTnGqUGjjgWndiwXhU	2024-05-24 18:19:54.968307+00	2024-05-25 18:19:54+00	1	fc2d50fbd68147f5aa814e1e91ac19d8
36	eyJhbGciOiJIUzI1NiIsInR5cCI6IkpXVCJ9.eyJ0b2tlbl90eXBlIjoicmVmcmVzaCIsImV4cCI6MTcxNjc5NzE1MSwiaWF0IjoxNzE2NzEwNzUxLCJqdGkiOiI4N2JjYzFmMmE3ZjQ0ZDNjYWMyODg2MTk5NDMwZGZjMCIsInVzZXJfaWQiOjF9.iKoJEROXaQx73DWcRWX7oWwr2q92Xkuuq-pGf9LN4W4	2024-05-26 08:05:51.703368+00	2024-05-27 08:05:51+00	1	87bcc1f2a7f44d3cac2886199430dfc0
37	eyJhbGciOiJIUzI1NiIsInR5cCI6IkpXVCJ9.eyJ0b2tlbl90eXBlIjoicmVmcmVzaCIsImV4cCI6MTcxNjgwNTMyMiwiaWF0IjoxNzE2NzE4OTIyLCJqdGkiOiIyNmE4MjdjNDNjMjc0ODM4YmVhODdkMjBiMjZkM2ZkMCIsInVzZXJfaWQiOjF9.aMOGZsYTdFzW6oPjKETVHt_WL1FOyIUSzO3Ije18Q9o	2024-05-26 10:22:02.049895+00	2024-05-27 10:22:02+00	1	26a827c43c274838bea87d20b26d3fd0
38	eyJhbGciOiJIUzI1NiIsInR5cCI6IkpXVCJ9.eyJ0b2tlbl90eXBlIjoicmVmcmVzaCIsImV4cCI6MTcxNjgzMjE2NCwiaWF0IjoxNzE2NzQ1NzY0LCJqdGkiOiI4YmNmNWM4YjFlZjM0YmNmODE2NDRiODhiMDgyM2M2OSIsInVzZXJfaWQiOjF9.UBkEcP292kvjaEib8lZz3FgPYfU0QLg2i6T-CUo7Ud8	2024-05-26 17:49:24.5557+00	2024-05-27 17:49:24+00	1	8bcf5c8b1ef34bcf81644b88b0823c69
39	eyJhbGciOiJIUzI1NiIsInR5cCI6IkpXVCJ9.eyJ0b2tlbl90eXBlIjoicmVmcmVzaCIsImV4cCI6MTcxNjgzMzM2NCwiaWF0IjoxNzE2NzQ2OTY0LCJqdGkiOiIzMzYyYTFhZmEyZGU0OGVlYTRjOTE0ZmM0YWI5MTZlOCIsInVzZXJfaWQiOjF9.YtPKQWeykapuw9CkHodTwi7xxBzilayz2T9o1uxxuLE	2024-05-26 18:09:24.55013+00	2024-05-27 18:09:24+00	1	3362a1afa2de48eea4c914fc4ab916e8
40	eyJhbGciOiJIUzI1NiIsInR5cCI6IkpXVCJ9.eyJ0b2tlbl90eXBlIjoicmVmcmVzaCIsImV4cCI6MTcxNjgzNTk1OSwiaWF0IjoxNzE2NzQ5NTU5LCJqdGkiOiJmNjM1NDZlODBjYzc0OGM4YWMwZTY0OWIzOWZkNmNjYSIsInVzZXJfaWQiOjF9.5aDdJ9pZdsXzGHXbhAfCS0VNqTb_7LT9W7_RuUFOvAU	2024-05-26 18:52:39.250481+00	2024-05-27 18:52:39+00	1	f63546e80cc748c8ac0e649b39fd6cca
41	eyJhbGciOiJIUzI1NiIsInR5cCI6IkpXVCJ9.eyJ0b2tlbl90eXBlIjoicmVmcmVzaCIsImV4cCI6MTcxNjg5MTM1MiwiaWF0IjoxNzE2ODA0OTUyLCJqdGkiOiIxMzc0NDgzMmUyNTM0ZGQ0YmVmYTg4ZjA2NzdlOTU5ZiIsInVzZXJfaWQiOjF9.mU5xr_vAZsUA8sQibAMGIHC6XzcxqxQt5kMEptmINa4	2024-05-27 10:15:52.634836+00	2024-05-28 10:15:52+00	1	13744832e2534dd4befa88f0677e959f
42	eyJhbGciOiJIUzI1NiIsInR5cCI6IkpXVCJ9.eyJ0b2tlbl90eXBlIjoicmVmcmVzaCIsImV4cCI6MTcxNjg5Nzk1NiwiaWF0IjoxNzE2ODExNTU2LCJqdGkiOiJiNzdlOGUzZmNjNTU0Y2QwOWYxZDhlN2M5ZWZkZDY5ZiIsInVzZXJfaWQiOjF9.JpET2dnCkq_klBK1YP8mhVrbpC5GLAwkZ0jqV-ZeuMA	2024-05-27 12:05:56.517254+00	2024-05-28 12:05:56+00	1	b77e8e3fcc554cd09f1d8e7c9efdd69f
43	eyJhbGciOiJIUzI1NiIsInR5cCI6IkpXVCJ9.eyJ0b2tlbl90eXBlIjoicmVmcmVzaCIsImV4cCI6MTcxNjkwMjkwNiwiaWF0IjoxNzE2ODE2NTA2LCJqdGkiOiJiM2EwMjIxYjM4ODM0YTYyOTgyYWRlMTgzYmY5NDcxOCIsInVzZXJfaWQiOjF9.AZAHCBG9fyu416h4ycHcUuuMeE5lPjoNSIoAy3gZHRs	2024-05-27 13:28:26.585045+00	2024-05-28 13:28:26+00	1	b3a0221b38834a62982ade183bf94718
45	eyJhbGciOiJIUzI1NiIsInR5cCI6IkpXVCJ9.eyJ0b2tlbl90eXBlIjoicmVmcmVzaCIsImV4cCI6MTcxNjkxMjQ1OCwiaWF0IjoxNzE2ODI2MDU4LCJqdGkiOiIwYmI5MGNhYTJiZjc0N2M3OWMxODI0MDZiM2M3OGNmNiIsInVzZXJfaWQiOjF9.V_IlDdlzkzZQau3cSAAOfMRBDl4KqXfuOvcxAugBONk	2024-05-27 16:07:38.243272+00	2024-05-28 16:07:38+00	1	0bb90caa2bf747c79c182406b3c78cf6
46	eyJhbGciOiJIUzI1NiIsInR5cCI6IkpXVCJ9.eyJ0b2tlbl90eXBlIjoicmVmcmVzaCIsImV4cCI6MTcxNjkxMjk2NywiaWF0IjoxNzE2ODI2NTY3LCJqdGkiOiI2NjdjOWRhNWYwZmE0ZGJhOTY4NDg5YTAyOTdkMTQ0NiIsInVzZXJfaWQiOjF9.gsgGbvQ71jnY1rUbjMteE5hEIe8dmQJ9CBL8R8kNjwc	2024-05-27 16:16:07.040133+00	2024-05-28 16:16:07+00	1	667c9da5f0fa4dba968489a0297d1446
47	eyJhbGciOiJIUzI1NiIsInR5cCI6IkpXVCJ9.eyJ0b2tlbl90eXBlIjoicmVmcmVzaCIsImV4cCI6MTcxNjkxODI4MCwiaWF0IjoxNzE2ODMxODgwLCJqdGkiOiI2MzQ0MmI4MDEyZTg0MjJmYThjYzNjNGQ0MjFlZDhmZiIsInVzZXJfaWQiOjF9.5np70tG9jP4GXBBKkYLMmANH2agFmSAm0K3yCiEVQG8	2024-05-27 17:44:40.470472+00	2024-05-28 17:44:40+00	1	63442b8012e8422fa8cc3c4d421ed8ff
1344	eyJhbGciOiJIUzI1NiIsInR5cCI6IkpXVCJ9.eyJ0b2tlbl90eXBlIjoicmVmcmVzaCIsImV4cCI6MTcxNjkwNTU4MywiaWF0IjoxNzE2ODE5MTgzLCJqdGkiOiI3YmFmZTRkNzExNDE0YTQ4OTcwNzEwNmQ1MDAwZWVlOCIsInVzZXJfaWQiOjF9.1OaX4_1pfuddnHxf4qlRiNswOnmNnnTE5jz6ichsKws	2024-05-27 14:13:03.129968+00	2024-05-28 14:13:03+00	1	7bafe4d711414a489707106d5000eee8
51	eyJhbGciOiJIUzI1NiIsInR5cCI6IkpXVCJ9.eyJ0b2tlbl90eXBlIjoicmVmcmVzaCIsImV4cCI6MTcxNzA3NzgxMSwiaWF0IjoxNzE2OTkxNDExLCJqdGkiOiI2MmE4ZTMxM2ViY2U0MjFjYTg4OTdkNGE3MmU0YmU0YyIsInVzZXJfaWQiOjF9.J0HbvOQfKVA8tw6MPHvAFOua9bmQPACpDTpK-lKxA7M	2024-05-29 14:03:31.93344+00	2024-05-30 14:03:31+00	1	62a8e313ebce421ca8897d4a72e4be4c
52	eyJhbGciOiJIUzI1NiIsInR5cCI6IkpXVCJ9.eyJ0b2tlbl90eXBlIjoicmVmcmVzaCIsImV4cCI6MTcxNzA4Njc1MywiaWF0IjoxNzE3MDAwMzUzLCJqdGkiOiIyZDAxOWJkZTc1NzY0OTAyYmRlN2JjODE3MGY5Mzg4NCIsInVzZXJfaWQiOjF9.guLk_gDXsbFDO9mDp07D9W3vvvIsfn8agKt2w1ekxxA	2024-05-29 16:32:33.825842+00	2024-05-30 16:32:33+00	1	2d019bde75764902bde7bc8170f93884
53	eyJhbGciOiJIUzI1NiIsInR5cCI6IkpXVCJ9.eyJ0b2tlbl90eXBlIjoicmVmcmVzaCIsImV4cCI6MTcxNzA5NDM3NywiaWF0IjoxNzE3MDA3OTc3LCJqdGkiOiIyNzJkN2IyNjM5OGU0M2ZhOWRlZWNmMDlkZTJmZGYyYiIsInVzZXJfaWQiOjF9.Gc5Ia7QER6KAjZQXQXwV_bCf_U_uYHzDXeYncBbvtns	2024-05-29 18:39:37.163092+00	2024-05-30 18:39:37+00	1	272d7b26398e43fa9deecf09de2fdf2b
54	eyJhbGciOiJIUzI1NiIsInR5cCI6IkpXVCJ9.eyJ0b2tlbl90eXBlIjoicmVmcmVzaCIsImV4cCI6MTcxNzEzMzM4MiwiaWF0IjoxNzE3MDQ2OTgyLCJqdGkiOiJjMjczZTIzYTQ5MGE0MzhhOTg4NDBjMmIxZTlhZGQ2NiIsInVzZXJfaWQiOjF9.Z8L2Z2F6quHt3_zEljv7cfsV2t53fNk0XWbfu1guA9U	2024-05-30 05:29:42.061786+00	2024-05-31 05:29:42+00	1	c273e23a490a438a98840c2b1e9add66
55	eyJhbGciOiJIUzI1NiIsInR5cCI6IkpXVCJ9.eyJ0b2tlbl90eXBlIjoicmVmcmVzaCIsImV4cCI6MTcxNzEzNjEwOSwiaWF0IjoxNzE3MDQ5NzA5LCJqdGkiOiJlYTU1ZmUyZTEyYTg0OWQ0YmRkZTA1MGU3ODFhMTE1YiIsInVzZXJfaWQiOjF9.CXWI2Sq4qjIPMqZSPDguLv9d40gzyr9RxjQKy5VGrME	2024-05-30 06:15:09.906292+00	2024-05-31 06:15:09+00	1	ea55fe2e12a849d4bdde050e781a115b
56	eyJhbGciOiJIUzI1NiIsInR5cCI6IkpXVCJ9.eyJ0b2tlbl90eXBlIjoicmVmcmVzaCIsImV4cCI6MTcxNzE2MDA2MSwiaWF0IjoxNzE3MDczNjYxLCJqdGkiOiI5MzNlNGEzOWU3YTE0NzkzOTA5OTQ3YzE0NjNmZTliZCIsInVzZXJfaWQiOjF9.u3bYjW2CgoKPCJdN9SHf2KIjXYPQryH0JMCq6ojY9IY	2024-05-30 12:54:21.109273+00	2024-05-31 12:54:21+00	1	933e4a39e7a14793909947c1463fe9bd
57	eyJhbGciOiJIUzI1NiIsInR5cCI6IkpXVCJ9.eyJ0b2tlbl90eXBlIjoicmVmcmVzaCIsImV4cCI6MTcxNzE2MjMwOCwiaWF0IjoxNzE3MDc1OTA4LCJqdGkiOiI2YWE3YmVmMzIxYWY0NjlkYjcwMjAxNTBiMTgxNmE3ZCIsInVzZXJfaWQiOjF9.MtMUH9omhLP6vyv-_OaJUdxfM62Ab6IVpE-yWV8AtQE	2024-05-30 13:31:48.133396+00	2024-05-31 13:31:48+00	1	6aa7bef321af469db7020150b1816a7d
58	eyJhbGciOiJIUzI1NiIsInR5cCI6IkpXVCJ9.eyJ0b2tlbl90eXBlIjoicmVmcmVzaCIsImV4cCI6MTcxNzE3MjMxNiwiaWF0IjoxNzE3MDg1OTE2LCJqdGkiOiI1MmRlYzAyM2QzNjA0YTNiYmM1NWQ5YjUxMzU3N2ViYyIsInVzZXJfaWQiOjF9.JiQfgTFjSzL8hCas_ylNloZNMta4x0pMX6Lv39F2erU	2024-05-30 16:18:36.419302+00	2024-05-31 16:18:36+00	1	52dec023d3604a3bbc55d9b513577ebc
59	eyJhbGciOiJIUzI1NiIsInR5cCI6IkpXVCJ9.eyJ0b2tlbl90eXBlIjoicmVmcmVzaCIsImV4cCI6MTcxNzE3Mjc4NSwiaWF0IjoxNzE3MDg2Mzg1LCJqdGkiOiJiZTdkMTkwYTBiYTk0OGYyODM1MzRhMDNkNDA5Y2JkYyIsInVzZXJfaWQiOjF9.0nPQUhEtt4D3tEru2loxI_Q8CaTUoSvZK3lgl_95LdM	2024-05-30 16:26:25.78698+00	2024-05-31 16:26:25+00	1	be7d190a0ba948f283534a03d409cbdc
60	eyJhbGciOiJIUzI1NiIsInR5cCI6IkpXVCJ9.eyJ0b2tlbl90eXBlIjoicmVmcmVzaCIsImV4cCI6MTcxNzE3NTQ3MiwiaWF0IjoxNzE3MDg5MDcyLCJqdGkiOiJhNGJlNWM0YTk5NjM0N2FhODBmMjg2ZmQ3ZDkxNmFiMSIsInVzZXJfaWQiOjF9.s4c9QxtY0zwAP0WwTQFAFAW1i4s1735k9OGz4u7S6CY	2024-05-30 17:11:12.632974+00	2024-05-31 17:11:12+00	1	a4be5c4a996347aa80f286fd7d916ab1
61	eyJhbGciOiJIUzI1NiIsInR5cCI6IkpXVCJ9.eyJ0b2tlbl90eXBlIjoicmVmcmVzaCIsImV4cCI6MTcxNzIyMjgxOCwiaWF0IjoxNzE3MTM2NDE4LCJqdGkiOiJmMTg5M2Y4OGIwOWU0MjUxYWExODY0NTU4M2VhZDQyMSIsInVzZXJfaWQiOjF9.suK7P37NXFmYfr7vtJLdWN5TYnr9A_hBZgndW2QiUK8	2024-05-31 06:20:18.810213+00	2024-06-01 06:20:18+00	1	f1893f88b09e4251aa18645583ead421
62	eyJhbGciOiJIUzI1NiIsInR5cCI6IkpXVCJ9.eyJ0b2tlbl90eXBlIjoicmVmcmVzaCIsImV4cCI6MTcxNzIyNzkwMCwiaWF0IjoxNzE3MTQxNTAwLCJqdGkiOiJlNTQ2MTEyODljNWQ0Y2FiOWQyZDEwNDM3NWZkNWMyOCIsInVzZXJfaWQiOjF9.J7YvnFj395SQr2u-SnWcFNd0Q27clV2ARIXPdXI28ZQ	2024-05-31 07:45:00.362368+00	2024-06-01 07:45:00+00	1	e54611289c5d4cab9d2d104375fd5c28
64	eyJhbGciOiJIUzI1NiIsInR5cCI6IkpXVCJ9.eyJ0b2tlbl90eXBlIjoicmVmcmVzaCIsImV4cCI6MTcxNzIzNjY2NSwiaWF0IjoxNzE3MTUwMjY1LCJqdGkiOiJjN2FjY2FiOTNkOWI0ZjNmOWNjN2E4ZDg2ODAxMmY3MiIsInVzZXJfaWQiOjF9.6Jww7C-dpJ8SBcMnuIqGil3BhCmGzu88FLGXX7QSkj0	2024-05-31 10:11:05.696807+00	2024-06-01 10:11:05+00	1	c7accab93d9b4f3f9cc7a8d868012f72
65	eyJhbGciOiJIUzI1NiIsInR5cCI6IkpXVCJ9.eyJ0b2tlbl90eXBlIjoicmVmcmVzaCIsImV4cCI6MTcxNzI0NDgxMywiaWF0IjoxNzE3MTU4NDEzLCJqdGkiOiJiNWI2ODA1NDE4YWY0YjE5OTdhYTczMGIzZTIwY2E5MiIsInVzZXJfaWQiOjF9.IzZ9ZSQnUTsEEq2py1yPYZVIhmsk8eORdsOgxeQGUoU	2024-05-31 12:26:53.906854+00	2024-06-01 12:26:53+00	1	b5b6805418af4b1997aa730b3e20ca92
66	eyJhbGciOiJIUzI1NiIsInR5cCI6IkpXVCJ9.eyJ0b2tlbl90eXBlIjoicmVmcmVzaCIsImV4cCI6MTcxNzI0NDgyMiwiaWF0IjoxNzE3MTU4NDIyLCJqdGkiOiI1YTFiN2ZjYjQxODI0MDQwOGYzZTI2OGY2ZWE1YTIzMiIsInVzZXJfaWQiOjF9.HHa87BB8x-aPUt-jKJ20dqiMdO0LROmkzH1RCdgiYHY	2024-05-31 12:27:02.028283+00	2024-06-01 12:27:02+00	1	5a1b7fcb418240408f3e268f6ea5a232
67	eyJhbGciOiJIUzI1NiIsInR5cCI6IkpXVCJ9.eyJ0b2tlbl90eXBlIjoicmVmcmVzaCIsImV4cCI6MTcxNzI2ODA2OSwiaWF0IjoxNzE3MTgxNjY5LCJqdGkiOiI3ODVmY2Q4ZWEzMTc0N2Q5YmVhMDI5NDRjMzU5OTE3NyIsInVzZXJfaWQiOjF9.lQf6npbW5RoLxix3yHXB2IsKDJBqle2BcdR7jFB-u5k	2024-05-31 18:54:29.474969+00	2024-06-01 18:54:29+00	1	785fcd8ea31747d9bea02944c3599177
68	eyJhbGciOiJIUzI1NiIsInR5cCI6IkpXVCJ9.eyJ0b2tlbl90eXBlIjoicmVmcmVzaCIsImV4cCI6MTcxNzI4MjY5NSwiaWF0IjoxNzE3MTk2Mjk1LCJqdGkiOiI1NzY4OTAzMTZjOTM0YTFiYTU3NjVlMTM0MGRlMzk4NCIsInVzZXJfaWQiOjF9.3TDnaonn7Cou45GCN_eXPCgB-Bc-6lVs0omy0k1H7Bc	2024-05-31 22:58:15.283241+00	2024-06-01 22:58:15+00	1	576890316c934a1ba5765e1340de3984
69	eyJhbGciOiJIUzI1NiIsInR5cCI6IkpXVCJ9.eyJ0b2tlbl90eXBlIjoicmVmcmVzaCIsImV4cCI6MTcxNzMwMDQ5OCwiaWF0IjoxNzE3MjE0MDk4LCJqdGkiOiI1YzIwMjVhMGVkZjA0ODU3YjYxOTkzM2VjNzZlODg1NCIsInVzZXJfaWQiOjF9.PGCDJfXxqKFOwqaWctcuhOtdfTR6vKKIXp59o3_Dpo8	2024-06-01 03:54:58.725641+00	2024-06-02 03:54:58+00	1	5c2025a0edf04857b619933ec76e8854
70	eyJhbGciOiJIUzI1NiIsInR5cCI6IkpXVCJ9.eyJ0b2tlbl90eXBlIjoicmVmcmVzaCIsImV4cCI6MTcxNzMwNTc1NiwiaWF0IjoxNzE3MjE5MzU2LCJqdGkiOiIzNWVlYmY5YjA2ODE0NWIwYWM2MzE4ZDdjZTBlNmM3NSIsInVzZXJfaWQiOjF9.1Y6nZDqGv3s3J1l7DAG8p774IsFxtbm4hrX2Gvaa7fE	2024-06-01 05:22:36.852909+00	2024-06-02 05:22:36+00	1	35eebf9b068145b0ac6318d7ce0e6c75
71	eyJhbGciOiJIUzI1NiIsInR5cCI6IkpXVCJ9.eyJ0b2tlbl90eXBlIjoicmVmcmVzaCIsImV4cCI6MTcxNzMyNjAwNiwiaWF0IjoxNzE3MjM5NjA2LCJqdGkiOiJlYTY4MjljOTBmNGE0MGFjODkyN2I1MTMzY2I1MGI2NCIsInVzZXJfaWQiOjF9.JY1sExfG19tAqvSmYRQDWNkamda996BO1obddOnvt2A	2024-06-01 11:00:06.581635+00	2024-06-02 11:00:06+00	1	ea6829c90f4a40ac8927b5133cb50b64
72	eyJhbGciOiJIUzI1NiIsInR5cCI6IkpXVCJ9.eyJ0b2tlbl90eXBlIjoicmVmcmVzaCIsImV4cCI6MTcxNzM1MzgwMywiaWF0IjoxNzE3MjY3NDAzLCJqdGkiOiI5ZWI2MGVlMWE4OGY0NDk3YjlhMTdjNTVmYzI5YTE4MiIsInVzZXJfaWQiOjF9.r5NfS06upXjXzIjjEujqXT8bXSL3DMiTgifAz0IRic4	2024-06-01 18:43:23.475784+00	2024-06-02 18:43:23+00	1	9eb60ee1a88f4497b9a17c55fc29a182
73	eyJhbGciOiJIUzI1NiIsInR5cCI6IkpXVCJ9.eyJ0b2tlbl90eXBlIjoicmVmcmVzaCIsImV4cCI6MTcxNzM1NjQxNywiaWF0IjoxNzE3MjcwMDE3LCJqdGkiOiJlOGZhOTQ0ZDFkZmI0ZmE2OTI3OGI4Yjk3NTRjNGVlNiIsInVzZXJfaWQiOjF9.C3qHXm31gjcG8An3_gdPRGyNMOiixFe-vg9qzg-xEfs	2024-06-01 19:26:57.581164+00	2024-06-02 19:26:57+00	1	e8fa944d1dfb4fa69278b8b9754c4ee6
74	eyJhbGciOiJIUzI1NiIsInR5cCI6IkpXVCJ9.eyJ0b2tlbl90eXBlIjoicmVmcmVzaCIsImV4cCI6MTcxNzM1OTM2OSwiaWF0IjoxNzE3MjcyOTY5LCJqdGkiOiJlMGQwOTBiZDYzOTI0MzA0ODIyMmY5MzgwZjkwNjBlNCIsInVzZXJfaWQiOjF9.STIbiT_oqreFSWHYotIYrs5ZYuhFIJzpfRKY9INcgvU	2024-06-01 20:16:09.102504+00	2024-06-02 20:16:09+00	1	e0d090bd639243048222f9380f9060e4
75	eyJhbGciOiJIUzI1NiIsInR5cCI6IkpXVCJ9.eyJ0b2tlbl90eXBlIjoicmVmcmVzaCIsImV4cCI6MTcxNzM4NjEzNSwiaWF0IjoxNzE3Mjk5NzM1LCJqdGkiOiJjNmI5YjhmMTE5ZTE0NDIwOWU1MDUzODBjNGU5MDcyNSIsInVzZXJfaWQiOjF9.pmjBpb4nKoJDiXPAXuFBhOp8Q9DRVNQqHfSbQD8wHB4	2024-06-02 03:42:15.827459+00	2024-06-03 03:42:15+00	1	c6b9b8f119e144209e505380c4e90725
76	eyJhbGciOiJIUzI1NiIsInR5cCI6IkpXVCJ9.eyJ0b2tlbl90eXBlIjoicmVmcmVzaCIsImV4cCI6MTcxNzQwMDA2OSwiaWF0IjoxNzE3MzEzNjY5LCJqdGkiOiIwNDljYzE2ZTMyMWU0YzI5YTEzODQzY2RiZjAzMjQ5NSIsInVzZXJfaWQiOjF9.-nSDhlHkkyOFxo4PuXAi1WfH44V73sleI7l32YUyBZ0	2024-06-02 07:34:29.076125+00	2024-06-03 07:34:29+00	1	049cc16e321e4c29a13843cdbf032495
77	eyJhbGciOiJIUzI1NiIsInR5cCI6IkpXVCJ9.eyJ0b2tlbl90eXBlIjoicmVmcmVzaCIsImV4cCI6MTcxNzQxMTgxNiwiaWF0IjoxNzE3MzI1NDE2LCJqdGkiOiIxYjNiMmQwNjUxNDI0MWUwYmMxNDQzZjAyNzY0MzYwZSIsInVzZXJfaWQiOjF9.k50anv1KwFZqJxWFw9swyVDAFBf-RsJzn2kaW7XSqpQ	2024-06-02 10:50:16.442654+00	2024-06-03 10:50:16+00	1	1b3b2d06514241e0bc1443f02764360e
78	eyJhbGciOiJIUzI1NiIsInR5cCI6IkpXVCJ9.eyJ0b2tlbl90eXBlIjoicmVmcmVzaCIsImV4cCI6MTcxNzQxNTM4MSwiaWF0IjoxNzE3MzI4OTgxLCJqdGkiOiIwMDRhYTQ0YWQyM2Y0NWU3ODYzZGM3NGUzYThhNTdkOSIsInVzZXJfaWQiOjF9.oGLKcWtpPxSBCPhxfYEUvE-NWmJ2LyrDJgzpVr5Yp8g	2024-06-02 11:49:41.835017+00	2024-06-03 11:49:41+00	1	004aa44ad23f45e7863dc74e3a8a57d9
79	eyJhbGciOiJIUzI1NiIsInR5cCI6IkpXVCJ9.eyJ0b2tlbl90eXBlIjoicmVmcmVzaCIsImV4cCI6MTcxNzQxOTgwMCwiaWF0IjoxNzE3MzMzNDAwLCJqdGkiOiI2NzUxNDVmMjJhZTI0OTM1ODBkMTU0NmUyNjQ5NDJkZSIsInVzZXJfaWQiOjF9.OMI_hOllCh3UHElvjVuDC9-m1sFKvbESMimxXMAzCsk	2024-06-02 13:03:20.610713+00	2024-06-03 13:03:20+00	1	675145f22ae2493580d1546e264942de
80	eyJhbGciOiJIUzI1NiIsInR5cCI6IkpXVCJ9.eyJ0b2tlbl90eXBlIjoicmVmcmVzaCIsImV4cCI6MTcxNzQyMTMzMywiaWF0IjoxNzE3MzM0OTMzLCJqdGkiOiI0MWMyZGU2MGI4YTk0NDgwYjc0NDJlYjcxZjAzNzUxNiIsInVzZXJfaWQiOjF9.nOecGGlgRF2Ch3TAxZM-61TJkmYZHmtWmB2NDY55F6g	2024-06-02 13:28:53.244798+00	2024-06-03 13:28:53+00	1	41c2de60b8a94480b7442eb71f037516
81	eyJhbGciOiJIUzI1NiIsInR5cCI6IkpXVCJ9.eyJ0b2tlbl90eXBlIjoicmVmcmVzaCIsImV4cCI6MTcxNzQyNTQ1MywiaWF0IjoxNzE3MzM5MDUzLCJqdGkiOiJjYjRkMDc3NGRmYjA0NDFmYWE1MzdlNzgxZWE1ZjNmZCIsInVzZXJfaWQiOjF9.nbtXeIbnXuva4QM8Wojw_zb6M1kIWg4eH_oMAj8hHN0	2024-06-02 14:37:33.045228+00	2024-06-03 14:37:33+00	1	cb4d0774dfb0441faa537e781ea5f3fd
82	eyJhbGciOiJIUzI1NiIsInR5cCI6IkpXVCJ9.eyJ0b2tlbl90eXBlIjoicmVmcmVzaCIsImV4cCI6MTcxNzQzMDE3MSwiaWF0IjoxNzE3MzQzNzcxLCJqdGkiOiJhYmMxMzdjNzllOGQ0MmU0ODNlZGUxODJiY2QyMTNkNSIsInVzZXJfaWQiOjF9.ruo6fTZD_LKH63-oGS6trrXzQl4IZbmxKdkQXUK1EWs	2024-06-02 15:56:11.133698+00	2024-06-03 15:56:11+00	1	abc137c79e8d42e483ede182bcd213d5
83	eyJhbGciOiJIUzI1NiIsInR5cCI6IkpXVCJ9.eyJ0b2tlbl90eXBlIjoicmVmcmVzaCIsImV4cCI6MTcxNzQzNzMyMiwiaWF0IjoxNzE3MzUwOTIyLCJqdGkiOiJkZWE0NWZmMjU5NWQ0YmYzYWE3NzcyMzk2NjEyYjUxNiIsInVzZXJfaWQiOjF9.h1RW9hQ8LcUw4WmkqvyT3CZoGcS7-x_DjF7kAEcabIg	2024-06-02 17:55:22.975338+00	2024-06-03 17:55:22+00	1	dea45ff2595d4bf3aa7772396612b516
84	eyJhbGciOiJIUzI1NiIsInR5cCI6IkpXVCJ9.eyJ0b2tlbl90eXBlIjoicmVmcmVzaCIsImV4cCI6MTcxNzQ3MTE0NSwiaWF0IjoxNzE3Mzg0NzQ1LCJqdGkiOiJmN2M4NDQ2YzkzYWQ0NWFjYjhhZGE1ZTBjMGQxM2EzZSIsInVzZXJfaWQiOjF9.oae7QtWnsuIZNRLlFvKcHR_VM2yknCZFybd67X1Aljo	2024-06-03 03:19:05.492801+00	2024-06-04 03:19:05+00	1	f7c8446c93ad45acb8ada5e0c0d13a3e
85	eyJhbGciOiJIUzI1NiIsInR5cCI6IkpXVCJ9.eyJ0b2tlbl90eXBlIjoicmVmcmVzaCIsImV4cCI6MTcxNzQ3NzI4MywiaWF0IjoxNzE3MzkwODgzLCJqdGkiOiI4NzVhNzQyMTAwODU0ZWE3YWZmOTkyYTExYWY1MDBmZCIsInVzZXJfaWQiOjF9.aBGxQYb_JgOD8I12D5BR9Ptev_9R7L7pNV-J7MIiEa4	2024-06-03 05:01:23.939675+00	2024-06-04 05:01:23+00	1	875a742100854ea7aff992a11af500fd
86	eyJhbGciOiJIUzI1NiIsInR5cCI6IkpXVCJ9.eyJ0b2tlbl90eXBlIjoicmVmcmVzaCIsImV4cCI6MTcxNzUwMTEwNywiaWF0IjoxNzE3NDE0NzA3LCJqdGkiOiJiMWRlNjQ0YTFhMmQ0Y2M2YWY5ZTczYzgxNDM1YzU0NCIsInVzZXJfaWQiOjF9.IEgps0XZJBmoPNzCP5s3H8CaIs7B2m0m7XoqRBTfZf0	2024-06-03 11:38:27.081184+00	2024-06-04 11:38:27+00	1	b1de644a1a2d4cc6af9e73c81435c544
87	eyJhbGciOiJIUzI1NiIsInR5cCI6IkpXVCJ9.eyJ0b2tlbl90eXBlIjoicmVmcmVzaCIsImV4cCI6MTcxNzUxMzIzNywiaWF0IjoxNzE3NDI2ODM3LCJqdGkiOiI0NjIzZGJmZTQzMzQ0MjRjYmVjM2I2YWM3MzRkZWIxMyIsInVzZXJfaWQiOjF9.6x66x3pSgAXP2AyXZWYaUMgyiYv7xrPBvAh6eef70wo	2024-06-03 15:00:37.020568+00	2024-06-04 15:00:37+00	1	4623dbfe4334424cbec3b6ac734deb13
88	eyJhbGciOiJIUzI1NiIsInR5cCI6IkpXVCJ9.eyJ0b2tlbl90eXBlIjoicmVmcmVzaCIsImV4cCI6MTcxNzU5NTg0NCwiaWF0IjoxNzE3NTA5NDQ0LCJqdGkiOiI4MjFiM2I4N2IzMGI0MWI1OWMzODBlZWE1NjE5ODgwMiIsInVzZXJfaWQiOjF9.V3e1lW36wpqEmMKt9gsJcuOKV3budDBngjyllNGBrfM	2024-06-04 13:57:24.85384+00	2024-06-05 13:57:24+00	1	821b3b87b30b41b59c380eea56198802
89	eyJhbGciOiJIUzI1NiIsInR5cCI6IkpXVCJ9.eyJ0b2tlbl90eXBlIjoicmVmcmVzaCIsImV4cCI6MTcxNzY3MjAwNywiaWF0IjoxNzE3NTg1NjA3LCJqdGkiOiIwOTk2Y2ZkYzg5NmY0ODhkYTQ4NWY4ZWI3ZTY2YzU2NyIsInVzZXJfaWQiOjF9.-He7Wcb9sNU5y6hG9EkQGllcI_G4YYZsOx-UElw3tuE	2024-06-05 11:06:47.354468+00	2024-06-06 11:06:47+00	1	0996cfdc896f488da485f8eb7e66c567
90	eyJhbGciOiJIUzI1NiIsInR5cCI6IkpXVCJ9.eyJ0b2tlbl90eXBlIjoicmVmcmVzaCIsImV4cCI6MTcxNzY3NTc3NywiaWF0IjoxNzE3NTg5Mzc3LCJqdGkiOiJkYzQ1NTU5MzJjN2M0YTc2OTg2NDZlYjY2YjVjOWVlYSIsInVzZXJfaWQiOjF9.ePuQN1JXw9t0_lIyfifMT8XCSBygSPyC2V7DvtJZF_c	2024-06-05 12:09:37.589248+00	2024-06-06 12:09:37+00	1	dc4555932c7c4a7698646eb66b5c9eea
91	eyJhbGciOiJIUzI1NiIsInR5cCI6IkpXVCJ9.eyJ0b2tlbl90eXBlIjoicmVmcmVzaCIsImV4cCI6MTcxNzkzNjE3OSwiaWF0IjoxNzE3ODQ5Nzc5LCJqdGkiOiI2Y2E1ZmNjMjI4ZGU0MDljODhiZGU1NTIwODkyN2JkZiIsInVzZXJfaWQiOjF9.HmqELHCuX0pauf6p1cHwMiBbZdrx4z7QZLf3JGPIFdk	2024-06-08 12:29:39.362519+00	2024-06-09 12:29:39+00	1	6ca5fcc228de409c88bde55208927bdf
92	eyJhbGciOiJIUzI1NiIsInR5cCI6IkpXVCJ9.eyJ0b2tlbl90eXBlIjoicmVmcmVzaCIsImV4cCI6MTcxNzkzODUxOSwiaWF0IjoxNzE3ODUyMTE5LCJqdGkiOiJiYTE3MTliOTNlYTA0MjQ3OTkxODg1MzU3MTE4OGZmMCIsInVzZXJfaWQiOjF9.WIaxRGczPRFikBSj7obqh0Fq17XRucdNN-QWsotWckQ	2024-06-08 13:08:39.327732+00	2024-06-09 13:08:39+00	1	ba1719b93ea042479918853571188ff0
93	eyJhbGciOiJIUzI1NiIsInR5cCI6IkpXVCJ9.eyJ0b2tlbl90eXBlIjoicmVmcmVzaCIsImV4cCI6MTcxNzk0NDM0NSwiaWF0IjoxNzE3ODU3OTQ1LCJqdGkiOiIzODIzZjcyMTg0Yzk0OWFjYjgxOGVkOTY0NDQ5MTBkNCIsInVzZXJfaWQiOjF9.n7fxVPl703_s44PTFdltU0g2H0xi95-tpES5k9QngNY	2024-06-08 14:45:45.730298+00	2024-06-09 14:45:45+00	1	3823f72184c949acb818ed96444910d4
94	eyJhbGciOiJIUzI1NiIsInR5cCI6IkpXVCJ9.eyJ0b2tlbl90eXBlIjoicmVmcmVzaCIsImV4cCI6MTcxNzk2MTI5NywiaWF0IjoxNzE3ODc0ODk3LCJqdGkiOiI1YjFlNWQ1YzQ2NzY0NGFkYmMyZmQzMGQ1NjQ5OWYxMCIsInVzZXJfaWQiOjF9.mYsql39yv-6Q6xsyqTLiPd_tyU-pjcWllvOhciN2tSs	2024-06-08 19:28:17.002808+00	2024-06-09 19:28:17+00	1	5b1e5d5c467644adbc2fd30d56499f10
95	eyJhbGciOiJIUzI1NiIsInR5cCI6IkpXVCJ9.eyJ0b2tlbl90eXBlIjoicmVmcmVzaCIsImV4cCI6MTcxNzk2NDIxMywiaWF0IjoxNzE3ODc3ODEzLCJqdGkiOiJhN2MzYzhkZWZmMWQ0MDUxOTdjZDg2YjllNmY0MGM2NCIsInVzZXJfaWQiOjF9.Jc6lRxJ0QvQp_3xVkQH0lBAJAy4VP7ha-xuowrGW7l0	2024-06-08 20:16:53.235908+00	2024-06-09 20:16:53+00	1	a7c3c8deff1d405197cd86b9e6f40c64
96	eyJhbGciOiJIUzI1NiIsInR5cCI6IkpXVCJ9.eyJ0b2tlbl90eXBlIjoicmVmcmVzaCIsImV4cCI6MTcxODA0NDA3MiwiaWF0IjoxNzE3OTU3NjcyLCJqdGkiOiI1OGU1YTY1NDVjZWE0MmI1ODU0ZTg4ZmJjNzA5YjMyMSIsInVzZXJfaWQiOjF9.UCQ25gycwQ9-nVvf6cTNQ5ATHiCipqESdNbRI5n5grY	2024-06-09 18:27:52.54611+00	2024-06-10 18:27:52+00	1	58e5a6545cea42b5854e88fbc709b321
97	eyJhbGciOiJIUzI1NiIsInR5cCI6IkpXVCJ9.eyJ0b2tlbl90eXBlIjoicmVmcmVzaCIsImV4cCI6MTcxODEwNzMxMywiaWF0IjoxNzE4MDIwOTEzLCJqdGkiOiI2YTgxY2I5ZTE3MTE0Zjk3OGNlYTJlNWJjMmIxZjAzYSIsInVzZXJfaWQiOjF9.PEoPsnPK1SUDiNnajREPqqJO8qMp_wu1Gw_1HI_ajpA	2024-06-10 12:01:53.453291+00	2024-06-11 12:01:53+00	1	6a81cb9e17114f978cea2e5bc2b1f03a
98	eyJhbGciOiJIUzI1NiIsInR5cCI6IkpXVCJ9.eyJ0b2tlbl90eXBlIjoicmVmcmVzaCIsImV4cCI6MTcxODExOTMzMCwiaWF0IjoxNzE4MDMyOTMwLCJqdGkiOiJlMGY3MTBhMDJiNjc0OGRiYjMxNWQ4NTdmMzJkODIzOCIsInVzZXJfaWQiOjF9.RMfv5SLjAw4Wm87dJn9QPfzhqsQAQPIDdK--6mXs58I	2024-06-10 15:22:10.184039+00	2024-06-11 15:22:10+00	1	e0f710a02b6748dbb315d857f32d8238
99	eyJhbGciOiJIUzI1NiIsInR5cCI6IkpXVCJ9.eyJ0b2tlbl90eXBlIjoicmVmcmVzaCIsImV4cCI6MTcxODMwMTQ1NCwiaWF0IjoxNzE4MjE1MDU0LCJqdGkiOiJkNDc5MTE4NTkwYjk0NjgwYjU4ODZmYWZjMjljNDgwNiIsInVzZXJfaWQiOjF9.iEmQjIFhdL87gP37GqPNOB_qT44UScLQzbW_ydpQ1ec	2024-06-12 17:57:34.676676+00	2024-06-13 17:57:34+00	1	d479118590b94680b5886fafc29c4806
100	eyJhbGciOiJIUzI1NiIsInR5cCI6IkpXVCJ9.eyJ0b2tlbl90eXBlIjoicmVmcmVzaCIsImV4cCI6MTcxODMxODQyOSwiaWF0IjoxNzE4MjMyMDI5LCJqdGkiOiIzNjMwYTU5YmFlZTA0ODg5YmNmNGY1M2ViYTg4MjBhMyIsInVzZXJfaWQiOjF9.sqWf1J_Ig-ZQAr1JTU5URc0kHjG1yF0FTJYT0c0z4g0	2024-06-12 22:40:29.734677+00	2024-06-13 22:40:29+00	1	3630a59baee04889bcf4f53eba8820a3
101	eyJhbGciOiJIUzI1NiIsInR5cCI6IkpXVCJ9.eyJ0b2tlbl90eXBlIjoicmVmcmVzaCIsImV4cCI6MTcxODQ1NDc4OSwiaWF0IjoxNzE4MzY4Mzg5LCJqdGkiOiIzZjg3YmJjZDI5ZmI0ZTI3OGEwNjJjNzI4NWJkODUwYSIsInVzZXJfaWQiOjF9.Eo4tSN3l8X10rXZQDWa-nLT3o0NtQG-5EBR0oh8NKpQ	2024-06-14 12:33:09.60685+00	2024-06-15 12:33:09+00	1	3f87bbcd29fb4e278a062c7285bd850a
102	eyJhbGciOiJIUzI1NiIsInR5cCI6IkpXVCJ9.eyJ0b2tlbl90eXBlIjoicmVmcmVzaCIsImV4cCI6MTcxODQ3NzcyOSwiaWF0IjoxNzE4MzkxMzI5LCJqdGkiOiJjZTI1Yjg5Zjk5ZDg0NGI4OWRkN2U1ZDMzNjdiYzUwMCIsInVzZXJfaWQiOjF9.y9g1lhD8EDt6A8S4Ab0ItbLQ_A8eLdjCqtfLUGi3o20	2024-06-14 18:55:29.060876+00	2024-06-15 18:55:29+00	1	ce25b89f99d844b89dd7e5d3367bc500
103	eyJhbGciOiJIUzI1NiIsInR5cCI6IkpXVCJ9.eyJ0b2tlbl90eXBlIjoicmVmcmVzaCIsImV4cCI6MTcxODQ3ODA3NiwiaWF0IjoxNzE4MzkxNjc2LCJqdGkiOiIyZTdkYTAwYTM5MTU0MzFhODQyNGFlMTE1NmIyYzRjNyIsInVzZXJfaWQiOjF9.PUX5LJ6P59ED0SIqKljZKmrwjXZ0PK008mSE40Qnkg0	2024-06-14 19:01:16.119592+00	2024-06-15 19:01:16+00	1	2e7da00a3915431a8424ae1156b2c4c7
104	eyJhbGciOiJIUzI1NiIsInR5cCI6IkpXVCJ9.eyJ0b2tlbl90eXBlIjoicmVmcmVzaCIsImV4cCI6MTcxODgyODk5NCwiaWF0IjoxNzE4NzQyNTk0LCJqdGkiOiI5MmVkMDUxMTAxNGM0MTg2YjRiOWU3ZWVjYTY4YjQ2NCIsInVzZXJfaWQiOjF9.AeT9bxEDkis8LJz5TmNZb-utIaUuiqdtVcak4KnFiBE	2024-06-18 20:29:54.417528+00	2024-06-19 20:29:54+00	1	92ed0511014c4186b4b9e7eeca68b464
105	eyJhbGciOiJIUzI1NiIsInR5cCI6IkpXVCJ9.eyJ0b2tlbl90eXBlIjoicmVmcmVzaCIsImV4cCI6MTcxOTIwNTg1MywiaWF0IjoxNzE5MTE5NDUzLCJqdGkiOiIzMTdjNWZhMjczZDA0YmY5YjMzOTBkZWFhZTljNzFkMCIsInVzZXJfaWQiOjF9.sS6iL1hPBOYuTTHcO-irGQb2DpDPxeOHtN6hrIDwxIs	2024-06-23 05:10:53.127767+00	2024-06-24 05:10:53+00	1	317c5fa273d04bf9b3390deaae9c71d0
106	eyJhbGciOiJIUzI1NiIsInR5cCI6IkpXVCJ9.eyJ0b2tlbl90eXBlIjoicmVmcmVzaCIsImV4cCI6MTcxOTI2Mjk4OSwiaWF0IjoxNzE5MTc2NTg5LCJqdGkiOiIzYTI4MGViMjBjMDU0ZWYxOTQwYTQ2YzlhYTMwMTI4YiIsInVzZXJfaWQiOjF9.HDIf-SRN8FRQfKOg6dgwBPV7cnE9NzweQ26dB3ZGLu8	2024-06-23 21:03:09.599384+00	2024-06-24 21:03:09+00	1	3a280eb20c054ef1940a46c9aa30128b
107	eyJhbGciOiJIUzI1NiIsInR5cCI6IkpXVCJ9.eyJ0b2tlbl90eXBlIjoicmVmcmVzaCIsImV4cCI6MTcyMDYwOTkxMiwiaWF0IjoxNzIwNTIzNTEyLCJqdGkiOiJlYzE5YmVjMjg0YjY0OTZmODk0ZTdiNWQ3YWZiOGRmNCIsInVzZXJfaWQiOjN9.MqNXY-NF9dm9zorvAyGYKMSAA2Exd7xYZEJnVRGcGkw	2024-07-09 11:11:52.582883+00	2024-07-10 11:11:52+00	3	ec19bec284b6496f894e7b5d7afb8df4
108	eyJhbGciOiJIUzI1NiIsInR5cCI6IkpXVCJ9.eyJ0b2tlbl90eXBlIjoicmVmcmVzaCIsImV4cCI6MTcyMDk4OTY4OSwiaWF0IjoxNzIwOTAzMjg5LCJqdGkiOiI5NjUxMmI1YTUyNmQ0YzNhOGNmYzRkNDUxZTFmYzg1OCIsInVzZXJfaWQiOjF9.n6MfXiEfzfm4f3e7PF__uJLp-FoCGphWW1f4Gf-v6BM	2024-07-13 20:41:29.115921+00	2024-07-14 20:41:29+00	1	96512b5a526d4c3a8cfc4d451e1fc858
109	eyJhbGciOiJIUzI1NiIsInR5cCI6IkpXVCJ9.eyJ0b2tlbl90eXBlIjoicmVmcmVzaCIsImV4cCI6MTcyMTE0NjE3MywiaWF0IjoxNzIxMDU5NzczLCJqdGkiOiIxYjhiYWZmYTAzMGU0YjFmOGFiYTA3YTRkNjk5Yzc3YSIsInVzZXJfaWQiOjF9.2AbjiI9MO8uLgdF7rcyaqJFTaGHsk7wzmQg4Vmjg8nA	2024-07-15 16:09:33.746646+00	2024-07-16 16:09:33+00	1	1b8baffa030e4b1f8aba07a4d699c77a
110	eyJhbGciOiJIUzI1NiIsInR5cCI6IkpXVCJ9.eyJ0b2tlbl90eXBlIjoicmVmcmVzaCIsImV4cCI6MTcyMTE1MzM3NywiaWF0IjoxNzIxMDY2OTc3LCJqdGkiOiI1NWY5YjYzZTM0ODU0ZTY0YmM0NzAwMzM3YjRhMzk4NSIsInVzZXJfaWQiOjF9._JYOToI_XbmM5DUYahahKM8foRyubJMc_acxEQCn_1Q	2024-07-15 18:09:37.541496+00	2024-07-16 18:09:37+00	1	55f9b63e34854e64bc4700337b4a3985
111	eyJhbGciOiJIUzI1NiIsInR5cCI6IkpXVCJ9.eyJ0b2tlbl90eXBlIjoicmVmcmVzaCIsImV4cCI6MTcyMjU0MjM5NSwiaWF0IjoxNzIyNDU1OTk1LCJqdGkiOiJmMzk3Yzk1ZjBiZGI0N2Q5ODk2MGMwZGZkZDIwNTUyZCIsInVzZXJfaWQiOjF9.pxPQGukvfvwpyAMM-14wH1IzCoKbAe7N4ghiIhyl05M	2024-07-31 19:59:55.169943+00	2024-08-01 19:59:55+00	1	f397c95f0bdb47d98960c0dfdd20552d
112	eyJhbGciOiJIUzI1NiIsInR5cCI6IkpXVCJ9.eyJ0b2tlbl90eXBlIjoicmVmcmVzaCIsImV4cCI6MTcyMzQwMTEzOSwiaWF0IjoxNzIzMzE0NzM5LCJqdGkiOiJkYWM5MjFiYzNiY2I0ZWU4OWNjZmZlZGQ3YTVmMDJkNSIsInVzZXJfaWQiOjF9.N5M6bRp4jxC8pyZuKHMUiaGWpoNm_U2FnTVlij7m1b4	2024-08-10 18:32:19.528456+00	2024-08-11 18:32:19+00	1	dac921bc3bcb4ee89ccffedd7a5f02d5
113	eyJhbGciOiJIUzI1NiIsInR5cCI6IkpXVCJ9.eyJ0b2tlbl90eXBlIjoicmVmcmVzaCIsImV4cCI6MTcyMzg4NzMxOCwiaWF0IjoxNzIzODAwOTE4LCJqdGkiOiJhNTA1ZDkzYmVhNWM0OThmYWE1MGFjYWE1NjdjMGU5NCIsInVzZXJfaWQiOjF9.xSFPPM-u8atXNvHUlLNHOry293Fna3vip_JJDYKa1QA	2024-08-16 09:35:18.872704+00	2024-08-17 09:35:18+00	1	a505d93bea5c498faa50acaa567c0e94
\.


--
-- Name: auth_group_id_seq; Type: SEQUENCE SET; Schema: public; Owner: hello_todo
--

SELECT pg_catalog.setval('public.auth_group_id_seq', 1, false);


--
-- Name: auth_group_permissions_id_seq; Type: SEQUENCE SET; Schema: public; Owner: hello_todo
--

SELECT pg_catalog.setval('public.auth_group_permissions_id_seq', 1, false);


--
-- Name: auth_permission_id_seq; Type: SEQUENCE SET; Schema: public; Owner: hello_todo
--

SELECT pg_catalog.setval('public.auth_permission_id_seq', 40, true);


--
-- Name: authapp_customuser_groups_id_seq; Type: SEQUENCE SET; Schema: public; Owner: hello_todo
--

SELECT pg_catalog.setval('public.authapp_customuser_groups_id_seq', 1, false);


--
-- Name: authapp_customuser_id_seq; Type: SEQUENCE SET; Schema: public; Owner: hello_todo
--

SELECT pg_catalog.setval('public.authapp_customuser_id_seq', 34, true);


--
-- Name: authapp_customuser_user_permissions_id_seq; Type: SEQUENCE SET; Schema: public; Owner: hello_todo
--

SELECT pg_catalog.setval('public.authapp_customuser_user_permissions_id_seq', 1, false);


--
-- Name: django_admin_log_id_seq; Type: SEQUENCE SET; Schema: public; Owner: hello_todo
--

SELECT pg_catalog.setval('public.django_admin_log_id_seq', 1, false);


--
-- Name: django_content_type_id_seq; Type: SEQUENCE SET; Schema: public; Owner: hello_todo
--

SELECT pg_catalog.setval('public.django_content_type_id_seq', 10, true);


--
-- Name: django_migrations_id_seq; Type: SEQUENCE SET; Schema: public; Owner: hello_todo
--

SELECT pg_catalog.setval('public.django_migrations_id_seq', 33, true);


--
-- Name: todoapp_project_id_seq; Type: SEQUENCE SET; Schema: public; Owner: hello_todo
--

SELECT pg_catalog.setval('public.todoapp_project_id_seq', 5, true);


--
-- Name: todoapp_project_project_team_id_seq; Type: SEQUENCE SET; Schema: public; Owner: hello_todo
--

SELECT pg_catalog.setval('public.todoapp_project_project_team_id_seq', 15, true);


--
-- Name: todoapp_todo_id_seq; Type: SEQUENCE SET; Schema: public; Owner: hello_todo
--

SELECT pg_catalog.setval('public.todoapp_todo_id_seq', 24, true);


--
-- Name: token_blacklist_blacklistedtoken_id_seq; Type: SEQUENCE SET; Schema: public; Owner: hello_todo
--

SELECT pg_catalog.setval('public.token_blacklist_blacklistedtoken_id_seq', 1, false);


--
-- Name: token_blacklist_outstandingtoken_id_seq; Type: SEQUENCE SET; Schema: public; Owner: hello_todo
--

SELECT pg_catalog.setval('public.token_blacklist_outstandingtoken_id_seq', 113, true);


--
-- Name: auth_group auth_group_name_key; Type: CONSTRAINT; Schema: public; Owner: hello_todo
--

ALTER TABLE ONLY public.auth_group
    ADD CONSTRAINT auth_group_name_key UNIQUE (name);


--
-- Name: auth_group_permissions auth_group_permissions_group_id_permission_id_0cd325b0_uniq; Type: CONSTRAINT; Schema: public; Owner: hello_todo
--

ALTER TABLE ONLY public.auth_group_permissions
    ADD CONSTRAINT auth_group_permissions_group_id_permission_id_0cd325b0_uniq UNIQUE (group_id, permission_id);


--
-- Name: auth_group_permissions auth_group_permissions_pkey; Type: CONSTRAINT; Schema: public; Owner: hello_todo
--

ALTER TABLE ONLY public.auth_group_permissions
    ADD CONSTRAINT auth_group_permissions_pkey PRIMARY KEY (id);


--
-- Name: auth_group auth_group_pkey; Type: CONSTRAINT; Schema: public; Owner: hello_todo
--

ALTER TABLE ONLY public.auth_group
    ADD CONSTRAINT auth_group_pkey PRIMARY KEY (id);


--
-- Name: auth_permission auth_permission_content_type_id_codename_01ab375a_uniq; Type: CONSTRAINT; Schema: public; Owner: hello_todo
--

ALTER TABLE ONLY public.auth_permission
    ADD CONSTRAINT auth_permission_content_type_id_codename_01ab375a_uniq UNIQUE (content_type_id, codename);


--
-- Name: auth_permission auth_permission_pkey; Type: CONSTRAINT; Schema: public; Owner: hello_todo
--

ALTER TABLE ONLY public.auth_permission
    ADD CONSTRAINT auth_permission_pkey PRIMARY KEY (id);


--
-- Name: authapp_customuser authapp_customuser_email_key; Type: CONSTRAINT; Schema: public; Owner: hello_todo
--

ALTER TABLE ONLY public.authapp_customuser
    ADD CONSTRAINT authapp_customuser_email_key UNIQUE (email);


--
-- Name: authapp_customuser_groups authapp_customuser_groups_customuser_id_group_id_03af0264_uniq; Type: CONSTRAINT; Schema: public; Owner: hello_todo
--

ALTER TABLE ONLY public.authapp_customuser_groups
    ADD CONSTRAINT authapp_customuser_groups_customuser_id_group_id_03af0264_uniq UNIQUE (customuser_id, group_id);


--
-- Name: authapp_customuser_groups authapp_customuser_groups_pkey; Type: CONSTRAINT; Schema: public; Owner: hello_todo
--

ALTER TABLE ONLY public.authapp_customuser_groups
    ADD CONSTRAINT authapp_customuser_groups_pkey PRIMARY KEY (id);


--
-- Name: authapp_customuser authapp_customuser_pkey; Type: CONSTRAINT; Schema: public; Owner: hello_todo
--

ALTER TABLE ONLY public.authapp_customuser
    ADD CONSTRAINT authapp_customuser_pkey PRIMARY KEY (id);


--
-- Name: authapp_customuser_user_permissions authapp_customuser_user__customuser_id_permission_abd7dbc4_uniq; Type: CONSTRAINT; Schema: public; Owner: hello_todo
--

ALTER TABLE ONLY public.authapp_customuser_user_permissions
    ADD CONSTRAINT authapp_customuser_user__customuser_id_permission_abd7dbc4_uniq UNIQUE (customuser_id, permission_id);


--
-- Name: authapp_customuser_user_permissions authapp_customuser_user_permissions_pkey; Type: CONSTRAINT; Schema: public; Owner: hello_todo
--

ALTER TABLE ONLY public.authapp_customuser_user_permissions
    ADD CONSTRAINT authapp_customuser_user_permissions_pkey PRIMARY KEY (id);


--
-- Name: django_admin_log django_admin_log_pkey; Type: CONSTRAINT; Schema: public; Owner: hello_todo
--

ALTER TABLE ONLY public.django_admin_log
    ADD CONSTRAINT django_admin_log_pkey PRIMARY KEY (id);


--
-- Name: django_content_type django_content_type_app_label_model_76bd3d3b_uniq; Type: CONSTRAINT; Schema: public; Owner: hello_todo
--

ALTER TABLE ONLY public.django_content_type
    ADD CONSTRAINT django_content_type_app_label_model_76bd3d3b_uniq UNIQUE (app_label, model);


--
-- Name: django_content_type django_content_type_pkey; Type: CONSTRAINT; Schema: public; Owner: hello_todo
--

ALTER TABLE ONLY public.django_content_type
    ADD CONSTRAINT django_content_type_pkey PRIMARY KEY (id);


--
-- Name: django_migrations django_migrations_pkey; Type: CONSTRAINT; Schema: public; Owner: hello_todo
--

ALTER TABLE ONLY public.django_migrations
    ADD CONSTRAINT django_migrations_pkey PRIMARY KEY (id);


--
-- Name: django_session django_session_pkey; Type: CONSTRAINT; Schema: public; Owner: hello_todo
--

ALTER TABLE ONLY public.django_session
    ADD CONSTRAINT django_session_pkey PRIMARY KEY (session_key);


--
-- Name: todoapp_project todoapp_project_pkey; Type: CONSTRAINT; Schema: public; Owner: hello_todo
--

ALTER TABLE ONLY public.todoapp_project
    ADD CONSTRAINT todoapp_project_pkey PRIMARY KEY (id);


--
-- Name: todoapp_project_project_team todoapp_project_project__project_id_customuser_id_bb38369c_uniq; Type: CONSTRAINT; Schema: public; Owner: hello_todo
--

ALTER TABLE ONLY public.todoapp_project_project_team
    ADD CONSTRAINT todoapp_project_project__project_id_customuser_id_bb38369c_uniq UNIQUE (project_id, customuser_id);


--
-- Name: todoapp_project_project_team todoapp_project_project_team_pkey; Type: CONSTRAINT; Schema: public; Owner: hello_todo
--

ALTER TABLE ONLY public.todoapp_project_project_team
    ADD CONSTRAINT todoapp_project_project_team_pkey PRIMARY KEY (id);


--
-- Name: todoapp_todo todoapp_todo_pkey; Type: CONSTRAINT; Schema: public; Owner: hello_todo
--

ALTER TABLE ONLY public.todoapp_todo
    ADD CONSTRAINT todoapp_todo_pkey PRIMARY KEY (id);


--
-- Name: token_blacklist_blacklistedtoken token_blacklist_blacklistedtoken_pkey; Type: CONSTRAINT; Schema: public; Owner: hello_todo
--

ALTER TABLE ONLY public.token_blacklist_blacklistedtoken
    ADD CONSTRAINT token_blacklist_blacklistedtoken_pkey PRIMARY KEY (id);


--
-- Name: token_blacklist_blacklistedtoken token_blacklist_blacklistedtoken_token_id_key; Type: CONSTRAINT; Schema: public; Owner: hello_todo
--

ALTER TABLE ONLY public.token_blacklist_blacklistedtoken
    ADD CONSTRAINT token_blacklist_blacklistedtoken_token_id_key UNIQUE (token_id);


--
-- Name: token_blacklist_outstandingtoken token_blacklist_outstandingtoken_jti_hex_d9bdf6f7_uniq; Type: CONSTRAINT; Schema: public; Owner: hello_todo
--

ALTER TABLE ONLY public.token_blacklist_outstandingtoken
    ADD CONSTRAINT token_blacklist_outstandingtoken_jti_hex_d9bdf6f7_uniq UNIQUE (jti);


--
-- Name: token_blacklist_outstandingtoken token_blacklist_outstandingtoken_pkey; Type: CONSTRAINT; Schema: public; Owner: hello_todo
--

ALTER TABLE ONLY public.token_blacklist_outstandingtoken
    ADD CONSTRAINT token_blacklist_outstandingtoken_pkey PRIMARY KEY (id);


--
-- Name: auth_group_name_a6ea08ec_like; Type: INDEX; Schema: public; Owner: hello_todo
--

CREATE INDEX auth_group_name_a6ea08ec_like ON public.auth_group USING btree (name varchar_pattern_ops);


--
-- Name: auth_group_permissions_group_id_b120cbf9; Type: INDEX; Schema: public; Owner: hello_todo
--

CREATE INDEX auth_group_permissions_group_id_b120cbf9 ON public.auth_group_permissions USING btree (group_id);


--
-- Name: auth_group_permissions_permission_id_84c5c92e; Type: INDEX; Schema: public; Owner: hello_todo
--

CREATE INDEX auth_group_permissions_permission_id_84c5c92e ON public.auth_group_permissions USING btree (permission_id);


--
-- Name: auth_permission_content_type_id_2f476e4b; Type: INDEX; Schema: public; Owner: hello_todo
--

CREATE INDEX auth_permission_content_type_id_2f476e4b ON public.auth_permission USING btree (content_type_id);


--
-- Name: authapp_customuser_email_40efe401_like; Type: INDEX; Schema: public; Owner: hello_todo
--

CREATE INDEX authapp_customuser_email_40efe401_like ON public.authapp_customuser USING btree (email varchar_pattern_ops);


--
-- Name: authapp_customuser_groups_customuser_id_d338aa9f; Type: INDEX; Schema: public; Owner: hello_todo
--

CREATE INDEX authapp_customuser_groups_customuser_id_d338aa9f ON public.authapp_customuser_groups USING btree (customuser_id);


--
-- Name: authapp_customuser_groups_group_id_4143a1f8; Type: INDEX; Schema: public; Owner: hello_todo
--

CREATE INDEX authapp_customuser_groups_group_id_4143a1f8 ON public.authapp_customuser_groups USING btree (group_id);


--
-- Name: authapp_customuser_user_permissions_customuser_id_5e7638ee; Type: INDEX; Schema: public; Owner: hello_todo
--

CREATE INDEX authapp_customuser_user_permissions_customuser_id_5e7638ee ON public.authapp_customuser_user_permissions USING btree (customuser_id);


--
-- Name: authapp_customuser_user_permissions_permission_id_a4c601ab; Type: INDEX; Schema: public; Owner: hello_todo
--

CREATE INDEX authapp_customuser_user_permissions_permission_id_a4c601ab ON public.authapp_customuser_user_permissions USING btree (permission_id);


--
-- Name: django_admin_log_content_type_id_c4bce8eb; Type: INDEX; Schema: public; Owner: hello_todo
--

CREATE INDEX django_admin_log_content_type_id_c4bce8eb ON public.django_admin_log USING btree (content_type_id);


--
-- Name: django_admin_log_user_id_c564eba6; Type: INDEX; Schema: public; Owner: hello_todo
--

CREATE INDEX django_admin_log_user_id_c564eba6 ON public.django_admin_log USING btree (user_id);


--
-- Name: django_session_expire_date_a5c62663; Type: INDEX; Schema: public; Owner: hello_todo
--

CREATE INDEX django_session_expire_date_a5c62663 ON public.django_session USING btree (expire_date);


--
-- Name: django_session_session_key_c0390e0f_like; Type: INDEX; Schema: public; Owner: hello_todo
--

CREATE INDEX django_session_session_key_c0390e0f_like ON public.django_session USING btree (session_key varchar_pattern_ops);


--
-- Name: todoapp_project_project_team_customuser_id_e7dc261b; Type: INDEX; Schema: public; Owner: hello_todo
--

CREATE INDEX todoapp_project_project_team_customuser_id_e7dc261b ON public.todoapp_project_project_team USING btree (customuser_id);


--
-- Name: todoapp_project_project_team_project_id_7988984d; Type: INDEX; Schema: public; Owner: hello_todo
--

CREATE INDEX todoapp_project_project_team_project_id_7988984d ON public.todoapp_project_project_team USING btree (project_id);


--
-- Name: todoapp_todo_project_id_43a1debe; Type: INDEX; Schema: public; Owner: hello_todo
--

CREATE INDEX todoapp_todo_project_id_43a1debe ON public.todoapp_todo USING btree (project_id);


--
-- Name: todoapp_todo_user_id_d1e70406; Type: INDEX; Schema: public; Owner: hello_todo
--

CREATE INDEX todoapp_todo_user_id_d1e70406 ON public.todoapp_todo USING btree (user_id);


--
-- Name: token_blacklist_outstandingtoken_jti_hex_d9bdf6f7_like; Type: INDEX; Schema: public; Owner: hello_todo
--

CREATE INDEX token_blacklist_outstandingtoken_jti_hex_d9bdf6f7_like ON public.token_blacklist_outstandingtoken USING btree (jti varchar_pattern_ops);


--
-- Name: token_blacklist_outstandingtoken_user_id_83bc629a; Type: INDEX; Schema: public; Owner: hello_todo
--

CREATE INDEX token_blacklist_outstandingtoken_user_id_83bc629a ON public.token_blacklist_outstandingtoken USING btree (user_id);


--
-- Name: auth_group_permissions auth_group_permissio_permission_id_84c5c92e_fk_auth_perm; Type: FK CONSTRAINT; Schema: public; Owner: hello_todo
--

ALTER TABLE ONLY public.auth_group_permissions
    ADD CONSTRAINT auth_group_permissio_permission_id_84c5c92e_fk_auth_perm FOREIGN KEY (permission_id) REFERENCES public.auth_permission(id) DEFERRABLE INITIALLY DEFERRED;


--
-- Name: auth_group_permissions auth_group_permissions_group_id_b120cbf9_fk_auth_group_id; Type: FK CONSTRAINT; Schema: public; Owner: hello_todo
--

ALTER TABLE ONLY public.auth_group_permissions
    ADD CONSTRAINT auth_group_permissions_group_id_b120cbf9_fk_auth_group_id FOREIGN KEY (group_id) REFERENCES public.auth_group(id) DEFERRABLE INITIALLY DEFERRED;


--
-- Name: auth_permission auth_permission_content_type_id_2f476e4b_fk_django_co; Type: FK CONSTRAINT; Schema: public; Owner: hello_todo
--

ALTER TABLE ONLY public.auth_permission
    ADD CONSTRAINT auth_permission_content_type_id_2f476e4b_fk_django_co FOREIGN KEY (content_type_id) REFERENCES public.django_content_type(id) DEFERRABLE INITIALLY DEFERRED;


--
-- Name: authapp_customuser_groups authapp_customuser_g_customuser_id_d338aa9f_fk_authapp_c; Type: FK CONSTRAINT; Schema: public; Owner: hello_todo
--

ALTER TABLE ONLY public.authapp_customuser_groups
    ADD CONSTRAINT authapp_customuser_g_customuser_id_d338aa9f_fk_authapp_c FOREIGN KEY (customuser_id) REFERENCES public.authapp_customuser(id) DEFERRABLE INITIALLY DEFERRED;


--
-- Name: authapp_customuser_groups authapp_customuser_groups_group_id_4143a1f8_fk_auth_group_id; Type: FK CONSTRAINT; Schema: public; Owner: hello_todo
--

ALTER TABLE ONLY public.authapp_customuser_groups
    ADD CONSTRAINT authapp_customuser_groups_group_id_4143a1f8_fk_auth_group_id FOREIGN KEY (group_id) REFERENCES public.auth_group(id) DEFERRABLE INITIALLY DEFERRED;


--
-- Name: authapp_customuser_user_permissions authapp_customuser_u_customuser_id_5e7638ee_fk_authapp_c; Type: FK CONSTRAINT; Schema: public; Owner: hello_todo
--

ALTER TABLE ONLY public.authapp_customuser_user_permissions
    ADD CONSTRAINT authapp_customuser_u_customuser_id_5e7638ee_fk_authapp_c FOREIGN KEY (customuser_id) REFERENCES public.authapp_customuser(id) DEFERRABLE INITIALLY DEFERRED;


--
-- Name: authapp_customuser_user_permissions authapp_customuser_u_permission_id_a4c601ab_fk_auth_perm; Type: FK CONSTRAINT; Schema: public; Owner: hello_todo
--

ALTER TABLE ONLY public.authapp_customuser_user_permissions
    ADD CONSTRAINT authapp_customuser_u_permission_id_a4c601ab_fk_auth_perm FOREIGN KEY (permission_id) REFERENCES public.auth_permission(id) DEFERRABLE INITIALLY DEFERRED;


--
-- Name: django_admin_log django_admin_log_content_type_id_c4bce8eb_fk_django_co; Type: FK CONSTRAINT; Schema: public; Owner: hello_todo
--

ALTER TABLE ONLY public.django_admin_log
    ADD CONSTRAINT django_admin_log_content_type_id_c4bce8eb_fk_django_co FOREIGN KEY (content_type_id) REFERENCES public.django_content_type(id) DEFERRABLE INITIALLY DEFERRED;


--
-- Name: django_admin_log django_admin_log_user_id_c564eba6_fk_authapp_customuser_id; Type: FK CONSTRAINT; Schema: public; Owner: hello_todo
--

ALTER TABLE ONLY public.django_admin_log
    ADD CONSTRAINT django_admin_log_user_id_c564eba6_fk_authapp_customuser_id FOREIGN KEY (user_id) REFERENCES public.authapp_customuser(id) DEFERRABLE INITIALLY DEFERRED;


--
-- Name: todoapp_project_project_team todoapp_project_proj_customuser_id_e7dc261b_fk_authapp_c; Type: FK CONSTRAINT; Schema: public; Owner: hello_todo
--

ALTER TABLE ONLY public.todoapp_project_project_team
    ADD CONSTRAINT todoapp_project_proj_customuser_id_e7dc261b_fk_authapp_c FOREIGN KEY (customuser_id) REFERENCES public.authapp_customuser(id) DEFERRABLE INITIALLY DEFERRED;


--
-- Name: todoapp_project_project_team todoapp_project_proj_project_id_7988984d_fk_todoapp_p; Type: FK CONSTRAINT; Schema: public; Owner: hello_todo
--

ALTER TABLE ONLY public.todoapp_project_project_team
    ADD CONSTRAINT todoapp_project_proj_project_id_7988984d_fk_todoapp_p FOREIGN KEY (project_id) REFERENCES public.todoapp_project(id) DEFERRABLE INITIALLY DEFERRED;


--
-- Name: todoapp_todo todoapp_todo_project_id_43a1debe_fk_todoapp_project_id; Type: FK CONSTRAINT; Schema: public; Owner: hello_todo
--

ALTER TABLE ONLY public.todoapp_todo
    ADD CONSTRAINT todoapp_todo_project_id_43a1debe_fk_todoapp_project_id FOREIGN KEY (project_id) REFERENCES public.todoapp_project(id) DEFERRABLE INITIALLY DEFERRED;


--
-- Name: todoapp_todo todoapp_todo_user_id_d1e70406_fk_authapp_customuser_id; Type: FK CONSTRAINT; Schema: public; Owner: hello_todo
--

ALTER TABLE ONLY public.todoapp_todo
    ADD CONSTRAINT todoapp_todo_user_id_d1e70406_fk_authapp_customuser_id FOREIGN KEY (user_id) REFERENCES public.authapp_customuser(id) DEFERRABLE INITIALLY DEFERRED;


--
-- Name: token_blacklist_blacklistedtoken token_blacklist_blacklistedtoken_token_id_3cc7fe56_fk; Type: FK CONSTRAINT; Schema: public; Owner: hello_todo
--

ALTER TABLE ONLY public.token_blacklist_blacklistedtoken
    ADD CONSTRAINT token_blacklist_blacklistedtoken_token_id_3cc7fe56_fk FOREIGN KEY (token_id) REFERENCES public.token_blacklist_outstandingtoken(id) DEFERRABLE INITIALLY DEFERRED;


--
-- Name: token_blacklist_outstandingtoken token_blacklist_outs_user_id_83bc629a_fk_authapp_c; Type: FK CONSTRAINT; Schema: public; Owner: hello_todo
--

ALTER TABLE ONLY public.token_blacklist_outstandingtoken
    ADD CONSTRAINT token_blacklist_outs_user_id_83bc629a_fk_authapp_c FOREIGN KEY (user_id) REFERENCES public.authapp_customuser(id) DEFERRABLE INITIALLY DEFERRED;


--
-- PostgreSQL database dump complete
--

